Job ID,Job URL,Job Title,Company Name,Status,Timestamp,WP ID
4c3739dc50ca9f22,https://ee.linkedin.com/jobs/view/kokk-at-eesti-t%C3%B6%C3%B6tukassa-4434317499,Kokk,,scraped,2026-07-07T00:16:00.817210,
26c67a5c022338da,https://ee.linkedin.com/jobs/view/%C3%BCldehitaja-at-eesti-t%C3%B6%C3%B6tukassa-4434314732,Üldehitaja,,scraped,2026-07-07T00:16:07.375011,
b9fe7e41673b04cd,https://ee.linkedin.com/jobs/view/%D1%82%D0%B5%D1%85%D0%BD%D0%B8%D1%87%D0%B5%D1%81%D0%BA%D0%B8%D0%B9-%D1%81%D0%BF%D0%B5%D1%86%D0%B8%D0%B0%D0%BB%D0%B8%D1%81%D1%82-at-paulig-group-4433166652,Технический специалист,,scraped,2026-07-07T00:16:14.118798,
0e96861274697748,https://ee.linkedin.com/jobs/view/expression-of-interest-%E2%80%93-join-concentrix-estonia-at-concentrix-4423662950,Expression of Interest – Join Concentrix Estonia,Concentrix,posted,2026-07-07T00:16:33.277691,22
2bb04cc34de75c4c,https://ee.linkedin.com/jobs/view/laohaldur-at-stora-enso-4435229737,Laohaldur,Stora Enso,posted,2026-07-07T00:16:45.371937,24
839083b32734599f,https://ee.linkedin.com/jobs/view/package-driver-at-ups-4436021872,Package Driver,UPS,posted,2026-07-07T00:16:54.489934,26
1b3d0768f55880e8,https://ee.linkedin.com/jobs/view/regional-payroll-advisor-at-bolt-4436258263,Regional Payroll Advisor,,scraped,2026-07-07T00:16:57.076733,
5544f40def121e3a,https://ee.linkedin.com/jobs/view/lifestyle-asset-auditor-field-specialist-at-plebs-me-4433151807,Lifestyle & Asset Auditor (Field Specialist),,scraped,2026-07-07T00:17:03.583049,
663209212ed5327e,https://ee.linkedin.com/jobs/view/office-manager-at-scoro-4434399982,Office Manager,,scraped,2026-07-07T00:18:13.302768,
6f0d3a92815cdb87,https://ee.linkedin.com/jobs/view/saeoperaator-at-stora-enso-4426068283,Saeoperaator,Stora Enso,posted,2026-07-07T00:18:31.108891,28
10dc0cf78d601fc5,https://ee.linkedin.com/jobs/view/talent-acquisition-specialist-maternity-leave-cover-at-telia-4436421037,Talent Acquisition Specialist (Maternity Leave Cover),,scraped,2026-07-07T00:18:33.806268,
cea99885e9aa8ddc,https://ee.linkedin.com/jobs/view/marketing-sales-operations-manager%F0%9F%93%8D-uk-estonia-at-fractory-4434394958,Marketing & Sales Operations Manager📍 UK/Estonia,,scraped,2026-07-07T00:18:40.623837,
4e5bef54e4addf1d,https://ee.linkedin.com/jobs/view/juhtimiskeskuse-spetsialist-energiakeskused-at-adven-%E2%80%93-the-leading-partner-in-the-energy-transition-4435442867,JUHTIMISKESKUSE SPETSIALIST (energiakeskused),,scraped,2026-07-07T00:19:51.214451,
1667207f95b6c4ce,https://ee.linkedin.com/jobs/view/operations-generalist-at-storyteller-4424744412,Operations Generalist,,scraped,2026-07-07T00:19:58.135344,
89b0e8ad7664d486,https://ee.linkedin.com/jobs/view/cateringi-koordinaator-at-freya-foodbar-catering-4432770017,Cateringi koordinaator,,scraped,2026-07-07T00:20:04.408784,
dbb6ec2c88facb95,https://ee.linkedin.com/jobs/view/risk-business-continuity-management-expert-at-rimi-baltic-group-4433934259,Risk & Business Continuity Management Expert,,scraped,2026-07-07T00:20:12.251896,
9648c007d48cd848,https://ee.linkedin.com/jobs/view/psychometrician-at-swiss-cyber-institute-4433781816,Psychometrician,Swiss Cyber Institute,posted,2026-07-07T00:20:27.660944,30
238b58a8eb023d32,https://ee.linkedin.com/jobs/view/warehouse-process-control-specialist-at-ericsson-4435462619,Warehouse Process Control Specialist,,scraped,2026-07-07T00:20:30.372099,
aff8c8cc5d6e92e6,https://ee.linkedin.com/jobs/view/chief-of-staff-model-agency-at-cold-model-management-4437101677,Chief Of Staff - Model Agency,,scraped,2026-07-07T00:20:36.919672,
c380ba9ef7393084,https://ee.linkedin.com/jobs/view/vahetuse-vanem-at-abb-4437419640,Vahetuse vanem,,scraped,2026-07-07T00:20:42.956513,
e1b335279c4614a7,https://ee.linkedin.com/jobs/view/data-engineer-at-coolbet-4433171651,Data Engineer,Coolbet,posted,2026-07-07T00:20:59.212343,32
a58671d60b659bdb,https://ee.linkedin.com/jobs/view/learning-technologist-2-positions-at-swiss-cyber-institute-4433957650,Learning Technologist (2 positions),Swiss Cyber Institute,posted,2026-07-07T00:22:14.107562,34
7b1fc1fc10b230d4,https://ee.linkedin.com/jobs/view/team-lead-at-net-group-ltd-4435578467,Team Lead,,scraped,2026-07-07T00:22:16.839398,
ff0cfb804880adc1,https://ee.linkedin.com/jobs/view/sisekontrolli-ekspert-at-bigbank-4434619963,Sisekontrolli ekspert,,scraped,2026-07-07T00:22:25.739994,
4e2f5769381b284c,https://ee.linkedin.com/jobs/view/product-owner-at-coolbet-4433192250,Product Owner,Coolbet,posted,2026-07-07T00:23:46.906225,36
4505ff200502446e,https://ee.linkedin.com/jobs/view/senior-due-diligence-advisor-equity-at-bletchley-int-4433789668,Senior Due Diligence Advisor (Equity),Bletchley Int,posted,2026-07-07T00:23:56.756966,38
886525ca20eefc55,https://ee.linkedin.com/jobs/view/application-specialist-servicenow-at-swedbank-estonia-4433187595,Application Specialist (ServiceNow),,scraped,2026-07-07T00:23:59.366677,
e38f2bb147cdac5d,https://ee.linkedin.com/jobs/view/internal-auditor-grc-area-at-luminor-group-4436751975,Internal Auditor (GRC area),Luminor Group,posted,2026-07-07T00:24:18.354258,40
c2c2b57e387aa759,https://ee.linkedin.com/jobs/view/head-of-baltics-at-birn%2Bpartners-4435814801,Head of Baltics,,scraped,2026-07-07T00:24:20.965519,
84f0b5240d5093c1,https://ee.linkedin.com/jobs/view/meediaplaneerimise-spetsialist-at-telia-4436788713,Meediaplaneerimise spetsialist,,scraped,2026-07-07T00:24:28.631766,
5f676a2560efa17f,https://ee.linkedin.com/jobs/view/puhastusteenindaja-at-eesti-t%C3%B6%C3%B6tukassa-4434323513,Puhastusteenindaja,,scraped,2026-07-07T00:25:39.588734,
a6dc5b3202dd4841,https://ee.linkedin.com/jobs/view/n%C3%B5udepesija-at-eesti-t%C3%B6%C3%B6tukassa-4434322498,Nõudepesija,,scraped,2026-07-07T00:25:46.276965,
0014f584fd9bbbd8,https://ee.linkedin.com/jobs/view/toidujagaja-at-eesti-t%C3%B6%C3%B6tukassa-4434307957,Toidujagaja,,scraped,2026-07-07T00:25:52.808790,
7cac4e9d46e56253,https://ee.linkedin.com/jobs/view/garderoobihoidja-at-eesti-t%C3%B6%C3%B6tukassa-4434331090,Garderoobihoidja,,scraped,2026-07-07T00:25:59.857773,
24d05ed13a7a9f1f,https://ee.linkedin.com/jobs/view/kokk-at-eesti-t%C3%B6%C3%B6tukassa-4434313628,Kokk,,scraped,2026-07-07T00:26:06.398414,
8fdfcff1699584e1,https://ee.linkedin.com/jobs/view/puhastusteenindaja-at-eesti-t%C3%B6%C3%B6tukassa-4434309906,Puhastusteenindaja,,scraped,2026-07-07T00:26:12.847812,
f2413db63d0a2ed5,https://ee.linkedin.com/jobs/view/kokk-at-eesti-t%C3%B6%C3%B6tukassa-4434330148,Kokk,,scraped,2026-07-07T00:26:19.546635,
f1debbd04f31a1f8,https://ee.linkedin.com/jobs/view/betoontoodete-valmistaja-at-eesti-t%C3%B6%C3%B6tukassa-4434325426,Betoontoodete valmistaja,,scraped,2026-07-07T00:27:29.624538,
b4dcdeb8bcdae075,https://ee.linkedin.com/jobs/view/florist-at-eesti-t%C3%B6%C3%B6tukassa-4434327222,Florist,,scraped,2026-07-07T00:28:39.692464,
93e286f0e97fb057,https://ee.linkedin.com/jobs/view/%C3%BCldehitaja-siseviimistleja-at-eesti-t%C3%B6%C3%B6tukassa-4434324501,Üldehitaja-siseviimistleja,,scraped,2026-07-07T00:29:49.745235,
7749a46011768468,https://ee.linkedin.com/jobs/view/tegevusjuhendaja-at-eesti-t%C3%B6%C3%B6tukassa-4434306971,Tegevusjuhendaja,,scraped,2026-07-07T00:29:56.064558,
af8b28646ecc06e6,https://ee.linkedin.com/jobs/view/masin%C3%B5mbleja-at-eesti-t%C3%B6%C3%B6tukassa-4434312623,Masinõmbleja,,scraped,2026-07-07T00:30:02.796726,
30b681ec351321b9,https://ee.linkedin.com/jobs/view/hooldaja-hoolekandeasutuses-at-eesti-t%C3%B6%C3%B6tukassa-4434318483,Hooldaja hoolekandeasutuses,,scraped,2026-07-07T00:30:09.194422,
ee77e98a3ff94b81,https://ee.linkedin.com/jobs/view/autojuht-kuller-varustaja-at-eesti-t%C3%B6%C3%B6tukassa-4434317555,Autojuht-kuller-varustaja,,scraped,2026-07-07T00:30:16.077527,
56081d4c78798250,https://ee.linkedin.com/jobs/view/torulukksepp-at-eesti-t%C3%B6%C3%B6tukassa-4434325353,Torulukksepp,,scraped,2026-07-07T00:30:22.519040,
78fbaa5b8a9d539f,https://ee.linkedin.com/jobs/view/%C3%B5de-at-eesti-t%C3%B6%C3%B6tukassa-4434331078,Õde,,scraped,2026-07-07T00:31:33.091811,
8bb724c43087f3ed,https://ee.linkedin.com/jobs/view/keevitaja-at-eesti-t%C3%B6%C3%B6tukassa-4434318465,Keevitaja,,scraped,2026-07-07T00:31:39.586357,
da1ce5c04321dc8d,https://ee.linkedin.com/jobs/view/pagar-kondiiter-at-eesti-t%C3%B6%C3%B6tukassa-4434310793,Pagar-kondiiter,,scraped,2026-07-07T00:31:46.500583,
6e023c4f34dd088b,https://ee.linkedin.com/jobs/view/heakorrat%C3%B6%C3%B6taja-at-eesti-t%C3%B6%C3%B6tukassa-4434314650,Heakorratöötaja,,scraped,2026-07-07T00:31:53.366935,
05dbdd51a3d43ea9,https://ee.linkedin.com/jobs/view/transpordikastide-valmistaja-at-eesti-t%C3%B6%C3%B6tukassa-4434329074,Transpordikastide valmistaja,,scraped,2026-07-07T00:31:59.756261,
a0f7e7f4e7638462,https://ee.linkedin.com/jobs/view/puhastusteenindaja-at-eesti-t%C3%B6%C3%B6tukassa-4434313625,Puhastusteenindaja,,scraped,2026-07-07T00:33:10.399679,
6db9c3379162bad5,https://ee.linkedin.com/jobs/view/%C3%B5de-at-eesti-t%C3%B6%C3%B6tukassa-4434311679,Õde,,scraped,2026-07-07T00:33:16.942487,
c9a7f39a132bc3e4,https://ee.linkedin.com/jobs/view/kaupluse-t%C3%B6%C3%B6taja-at-eesti-t%C3%B6%C3%B6tukassa-4434311767,Kaupluse töötaja,,scraped,2026-07-07T00:33:23.547996,
ae2d9007282647f1,https://ee.linkedin.com/jobs/view/piirkonnajuht-at-eesti-t%C3%B6%C3%B6tukassa-4434327295,Piirkonnajuht,,scraped,2026-07-07T00:34:33.807063,
54a60c06144b40f8,https://ee.linkedin.com/jobs/view/torulukksepp-at-eesti-t%C3%B6%C3%B6tukassa-4434310672,Torulukksepp,,scraped,2026-07-07T00:35:43.895703,
b8f6279ea9fd7130,https://ee.linkedin.com/jobs/view/kommunaalmajanduse-ja-heakorraspetsialist-at-eesti-t%C3%B6%C3%B6tukassa-4434313728,Kommunaalmajanduse- ja heakorraspetsialist,,scraped,2026-07-07T00:35:50.392168,
458bc0cddd6b7eb8,https://ee.linkedin.com/jobs/view/peakokk-at-eesti-t%C3%B6%C3%B6tukassa-4434316605,Peakokk,,scraped,2026-07-07T00:35:57.061247,
fbb226e96eb57b60,https://ee.linkedin.com/jobs/view/recruiter-at-lunden-food-4437151173,Recruiter,,scraped,2026-07-07T00:36:03.605859,
46461cf6cc9a8b9c,https://ee.linkedin.com/jobs/view/puidupingi-operaator-at-eesti-t%C3%B6%C3%B6tukassa-4434312710,Puidupingi operaator,,scraped,2026-07-07T00:37:14.443843,
93fc3355028f4209,https://ee.linkedin.com/jobs/view/logistics-manager-at-southwestern-recruitment-4435542520,Logistics Manager,,scraped,2026-07-07T00:38:24.510090,
cd75d574061492b2,https://ee.linkedin.com/jobs/view/engineering-manager-low-voltage-systems-at-esb-group-estonia-4423328430,Engineering Manager - Low-Voltage Systems,,scraped,2026-07-07T00:39:35.166899,
3884680369f1ec64,https://ee.linkedin.com/jobs/view/logopeed-at-eesti-t%C3%B6%C3%B6tukassa-4434311763,Logopeed,,scraped,2026-07-07T00:39:43.260049,
c6422d08cb430656,https://ee.linkedin.com/jobs/view/r%C3%A4tsep-at-eesti-t%C3%B6%C3%B6tukassa-4434307974,Rätsep,,scraped,2026-07-07T00:39:49.784819,
0cb151328a6b8101,https://ee.linkedin.com/jobs/view/head-of-credit-management-at-bondora-4436108050,Head of Credit Management,,scraped,2026-07-07T00:39:56.195999,
5ead15270b2ff2b1,https://ee.linkedin.com/jobs/view/tegevusjuhendaja-at-eesti-t%C3%B6%C3%B6tukassa-4434310795,Tegevusjuhendaja,,scraped,2026-07-07T00:40:02.845300,
0c3150a63d5a3127,https://ee.linkedin.com/jobs/view/puhastusteenindaja-at-eesti-t%C3%B6%C3%B6tukassa-4434328262,Puhastusteenindaja,,scraped,2026-07-07T00:41:12.946421,
a9d21d33537dc69d,https://ee.linkedin.com/jobs/view/sushikokk-at-eesti-t%C3%B6%C3%B6tukassa-4434310679,Sushikokk,,scraped,2026-07-07T00:41:19.344256,
5b3fe55af5ea7cd6,https://ee.linkedin.com/jobs/view/%C3%B5igusn%C3%B5unik-at-eesti-t%C3%B6%C3%B6tukassa-4434315622,Õigusnõunik,,scraped,2026-07-07T00:41:26.026127,
420aef835a8a78a7,https://ee.linkedin.com/jobs/view/autotehnik-at-eesti-t%C3%B6%C3%B6tukassa-4434313623,Autotehnik,,scraped,2026-07-07T00:41:32.845133,
6f29b759a15dad6e,https://ee.linkedin.com/jobs/view/majandusvaldkonna-abilinnapea-at-eesti-t%C3%B6%C3%B6tukassa-4434318571,Majandusvaldkonna abilinnapea,,scraped,2026-07-07T00:42:43.017353,
c4adcc5f615c864f,https://ee.linkedin.com/jobs/view/junior-recruiter-at-bolt-4434953953,Junior Recruiter,,scraped,2026-07-07T00:42:49.738334,
b1669cc104700d93,https://ee.linkedin.com/jobs/view/lihtt%C3%B6%C3%B6line-at-eesti-t%C3%B6%C3%B6tukassa-4434312699,Lihttööline,,scraped,2026-07-07T00:43:59.704434,
c36f6e1dd69f43d1,https://ee.linkedin.com/jobs/view/turvat%C3%B6%C3%B6taja-at-eesti-t%C3%B6%C3%B6tukassa-4434320465,Turvatöötaja,,scraped,2026-07-07T00:45:09.689089,
04aac18962932a5c,https://ee.linkedin.com/jobs/view/kaupluse-t%C3%B6%C3%B6taja-at-eesti-t%C3%B6%C3%B6tukassa-4434320558,Kaupluse töötaja,,scraped,2026-07-07T00:45:16.349284,
60eca146c9ee5e0f,https://ee.linkedin.com/jobs/view/kaupluse-t%C3%B6%C3%B6taja-at-eesti-t%C3%B6%C3%B6tukassa-4434317579,Kaupluse töötaja,,scraped,2026-07-07T00:45:23.002762,
83f36c15b4654d42,https://ee.linkedin.com/jobs/view/hoone-sisetehnik-at-eesti-t%C3%B6%C3%B6tukassa-4434316494,Hoone sisetehnik,,scraped,2026-07-07T00:45:29.338218,
5f891c2437f90431,https://ee.linkedin.com/jobs/view/puhastusteenindaja-at-eesti-t%C3%B6%C3%B6tukassa-4434325343,Puhastusteenindaja,,scraped,2026-07-07T00:45:35.947544,
91b51256183f652c,https://ee.linkedin.com/jobs/view/hooldust%C3%B6%C3%B6taja-abihooldust%C3%B6%C3%B6taja-at-eesti-t%C3%B6%C3%B6tukassa-4435465118,Hooldustöötaja/abihooldustöötaja,,scraped,2026-07-07T00:45:42.495622,
fe002b36e1b3502b,https://ee.linkedin.com/jobs/view/puhastusteenindaja-at-eesti-t%C3%B6%C3%B6tukassa-4434312600,Puhastusteenindaja,,scraped,2026-07-07T00:45:49.203871,
86a4e77edc6a2dbc,https://ee.linkedin.com/jobs/view/klienditeenindaja-at-eesti-t%C3%B6%C3%B6tukassa-4434315548,Klienditeenindaja,,scraped,2026-07-07T00:45:55.589276,
6b04e0b46b3e67c9,https://ee.linkedin.com/jobs/view/m%C3%BC%C3%BCgikonsultant-at-eesti-t%C3%B6%C3%B6tukassa-4434311677,Müügikonsultant,,scraped,2026-07-07T00:46:02.058875,
7965aa8d63f46851,https://ee.linkedin.com/jobs/view/autokraanajuht-at-eesti-t%C3%B6%C3%B6tukassa-4434308961,Autokraanajuht,,scraped,2026-07-07T00:46:08.671146,
bebf59d087c476c9,https://ee.linkedin.com/jobs/view/hooldustehnik-at-eesti-t%C3%B6%C3%B6tukassa-4434320557,Hooldustehnik,,scraped,2026-07-07T00:47:18.710263,
d828efd391fde3a1,https://ee.linkedin.com/jobs/view/masinaoperaator-at-eesti-t%C3%B6%C3%B6tukassa-4434311770,Masinaoperaator,,scraped,2026-07-07T00:48:28.785799,
21974590bf3426ba,https://ee.linkedin.com/jobs/view/ce-kategooria-autojuht-at-eesti-t%C3%B6%C3%B6tukassa-4434320437,CE-kategooria autojuht,,scraped,2026-07-07T00:49:38.940705,
557c7717f80a21c6,https://ee.linkedin.com/jobs/view/m%C3%BC%C3%BCja-klienditeenindaja-at-eesti-t%C3%B6%C3%B6tukassa-4434309912,Müüja-klienditeenindaja,,scraped,2026-07-07T00:49:45.210718,
a333cd69e7cdae97,https://ee.linkedin.com/jobs/view/marketing-manager-ads-operations-at-tfx-taxes-for-expats-4437171287,Marketing Manager: Ads & Operations,TFX (Taxes for Expats),posted,2026-07-07T00:50:01.133698,42
a0cdc95c7bf4bfff,https://ee.linkedin.com/jobs/view/it-projektijuht-at-rail-baltic-estonia-4436771010,IT projektijuht,,scraped,2026-07-07T00:50:03.770602,
6c7099905db3dcc9,https://ee.linkedin.com/jobs/view/traktorist-abit%C3%B6%C3%B6line-at-eesti-t%C3%B6%C3%B6tukassa-4434311761,Traktorist-abitööline,,scraped,2026-07-07T00:51:15.702710,
3c75e02eeac14438,https://ee.linkedin.com/jobs/view/puhastusteenindaja-at-eesti-t%C3%B6%C3%B6tukassa-4434329108,Puhastusteenindaja,,scraped,2026-07-07T00:52:25.876628,
7e5acfd54d68a756,https://ee.linkedin.com/jobs/view/sales-manager-at-raison-4433746170,Sales Manager,,scraped,2026-07-07T00:52:32.375181,
d875743a4b724745,https://ee.linkedin.com/jobs/view/autonomous-vehicle-safety-operator-safety-driver-at-tsmg-holding-4437488477,Autonomous Vehicle Safety Operator (Safety Driver),,scraped,2026-07-07T00:52:39.247828,
2d2160ae5429a21d,https://ee.linkedin.com/jobs/view/lasteaia-valvur-at-eesti-t%C3%B6%C3%B6tukassa-4434315545,Lasteaia valvur,,scraped,2026-07-07T00:52:46.434948,
f3b6dcf88ce27f5c,https://ee.linkedin.com/jobs/view/cnc-operaator-at-eesti-t%C3%B6%C3%B6tukassa-4435462179,CNC operaator,,scraped,2026-07-07T00:52:52.869596,
5d6e027434f32b53,https://ee.linkedin.com/jobs/view/abikokk-at-eesti-t%C3%B6%C3%B6tukassa-4434323420,Abikokk,,scraped,2026-07-07T00:52:59.379726,
6350636054b4cb27,https://ee.linkedin.com/jobs/view/koristusteenuse-t%C3%B6%C3%B6dejuhataja-at-eesti-t%C3%B6%C3%B6tukassa-4434320460,Koristusteenuse töödejuhataja,,scraped,2026-07-07T00:53:06.330561,
94e203c2dc073834,https://ee.linkedin.com/jobs/view/cto-and-co-founder-at-startup-wise-guys-4432761043,CTO and Co-Founder,,scraped,2026-07-07T00:53:12.862434,
9bb588e61662ee58,https://ee.linkedin.com/jobs/view/puhastusteenindaja-at-eesti-t%C3%B6%C3%B6tukassa-4434310673,Puhastusteenindaja,,scraped,2026-07-07T00:53:20.514687,
315b85dca480f9f2,https://ee.linkedin.com/jobs/view/hoone-v%C3%A4listehnik-at-eesti-t%C3%B6%C3%B6tukassa-4434327195,Hoone välistehnik,,scraped,2026-07-07T00:53:27.212644,
af8c4d0cdb020659,https://ee.linkedin.com/jobs/view/m%C3%BC%C3%BCgikonsultant-at-eesti-t%C3%B6%C3%B6tukassa-4434332078,Müügikonsultant,,scraped,2026-07-07T00:53:33.851187,
2df1e8f82e8fc23a,https://ee.linkedin.com/jobs/view/jalahooldusspetsialist-at-eesti-t%C3%B6%C3%B6tukassa-4434327217,Jalahooldusspetsialist,,scraped,2026-07-07T00:53:40.639638,
846c5cc00d540fe7,https://ee.linkedin.com/jobs/view/toateenija-koristaja-at-eesti-t%C3%B6%C3%B6tukassa-4434307971,Toateenija-koristaja,,scraped,2026-07-07T00:54:51.062754,
1f5f7928191aa970,https://ee.linkedin.com/jobs/view/partnerships-manager-at-fyst-4437112181,Partnerships Manager,,scraped,2026-07-07T00:54:57.714068,
43b54473f9bf6c2b,https://ee.linkedin.com/jobs/view/manual-qa-specialist-at-pawatech-4436755257,Manual QA Specialist,,scraped,2026-07-07T00:55:04.695479,
e87e60f380a06d9b,https://ee.linkedin.com/jobs/view/it-infrastructure-specialist-at-rimi-baltic-group-4417203222,IT Infrastructure specialist,,scraped,2026-07-07T00:56:14.639974,
83054e1b8f527f79,https://ee.linkedin.com/jobs/view/kokk-at-eesti-t%C3%B6%C3%B6tukassa-4436030127,Kokk,,scraped,2026-07-07T00:56:21.451612,
bc2c4065578e7581,https://ee.linkedin.com/jobs/view/microsoft-dynamics-365-business-central-developer-at-fujitsu-4435809172,Microsoft Dynamics 365 Business Central Developer,,scraped,2026-07-07T00:56:28.059355,
85616dbf659a39fa,https://ee.linkedin.com/jobs/view/senior-value-chain-development-expert-at-ntu-international-a-s-4436380552,Senior Value Chain Development Expert,,scraped,2026-07-07T00:56:39.588183,
1f8e4b924b40654d,https://ee.linkedin.com/jobs/view/projektijuht-at-rail-baltic-estonia-4436766260,projektijuht,,scraped,2026-07-07T00:57:50.202519,
787d442fb49a9052,https://ee.linkedin.com/jobs/view/head-of-seo-at-gepard-media-4436244538,Head of SEO,,scraped,2026-07-07T00:57:58.323840,
ef0d5e994acb10d1,https://ee.linkedin.com/jobs/view/real-estate-broker-4432384060,Real Estate Broker,Fundus Kinnisvarabüroo,posted,2026-07-07T00:58:10.802486,44
7e8230cf3435e5de,https://ee.linkedin.com/jobs/view/tootmise-vahetuse-vanem-at-stoneridge-4427017265,Tootmise vahetuse vanem,Stoneridge,posted,2026-07-07T00:58:19.654275,46
23b78f8d6e9fa760,https://ee.linkedin.com/jobs/view/t%C3%B6%C3%B6tajakogemuse-osakonna-juht-at-telia-4435897760,Töötajakogemuse osakonna juht,,scraped,2026-07-07T00:58:22.262814,
b3af3be77a07c621,https://ee.linkedin.com/jobs/view/compliance-analyst-at-wise-4436096061,Compliance Analyst,,scraped,2026-07-07T00:58:29.411666,
3c5d4102ed8f5691,https://ee.linkedin.com/jobs/view/senior-outsourcing-manager-at-bolt-4435449887,Senior Outsourcing Manager,,scraped,2026-07-07T00:58:37.128482,
909e6552ea449cbf,https://ee.linkedin.com/jobs/view/armeerija-at-eesti-t%C3%B6%C3%B6tukassa-4434314744,Armeerija,,scraped,2026-07-07T00:58:43.893549,
1c457839f09744cf,https://ee.linkedin.com/jobs/view/cnc-seadmete-operaator-at-eesti-t%C3%B6%C3%B6tukassa-4434319508,CNC seadmete operaator,,scraped,2026-07-07T00:58:50.592044,
15e63ab75da1ef1a,https://ee.linkedin.com/jobs/view/turvat%C3%B6%C3%B6taja-a-le-coq-logistikakeskuses-at-eesti-t%C3%B6%C3%B6tukassa-4434307977,Turvatöötaja A. Le Coq logistikakeskuses,,scraped,2026-07-07T01:00:00.747126,
c210e94fb2339eb4,https://ee.linkedin.com/jobs/view/enterprise-account-executive-eu-b2b-at-tripleten-indonesia-4433710693,Enterprise Account Executive EU (B2B),TripleTen Indonesia,posted,2026-07-07T01:00:15.897833,48
1eeccee3b6b37a2a,https://ee.linkedin.com/jobs/view/ehitusmaaler-krohvija-at-eesti-t%C3%B6%C3%B6tukassa-4434318492,Ehitusmaaler - krohvija,,scraped,2026-07-07T01:00:18.403047,
2f49f939f2a82944,https://ee.linkedin.com/jobs/view/pedik%C3%BC%C3%BCri-spetsialist-at-eesti-t%C3%B6%C3%B6tukassa-4434310783,Pediküüri spetsialist,,scraped,2026-07-07T01:00:24.896114,
ef87bc6b8f6ca4af,https://ee.linkedin.com/jobs/view/health-safety-and-environment-specialist-at-abb-4435185147,"Health, Safety and Environment Specialist",,scraped,2026-07-07T01:00:31.658335,
f5eaff05d8cc4c82,https://ee.linkedin.com/jobs/view/abitehnik-m%C3%BC%C3%BCja-at-eesti-t%C3%B6%C3%B6tukassa-4434324381,Abitehnik-müüja,,scraped,2026-07-07T01:01:42.143881,
9c9896fea30f332e,https://ee.linkedin.com/jobs/view/technical-manager-automotive-and-industrial-at-jobgether-4435419746,Technical Manager - Automotive and Industrial,,scraped,2026-07-07T01:01:48.789705,
c123539e7210e692,https://ee.linkedin.com/jobs/view/senior-bi-data-analyst-product-at-pawatech-4437174411,Senior BI Data Analyst (Product),,scraped,2026-07-07T01:01:55.233905,
50af9be49214079e,https://ee.linkedin.com/jobs/view/head-of-user-acquisition-at-ruby-labs-4437469092,Head of User Acquisition,,scraped,2026-07-07T01:02:01.480666,
658d04a4be81aedc,https://ee.linkedin.com/jobs/view/m%C3%BC%C3%BCgijuht-at-eesti-t%C3%B6%C3%B6tukassa-4434329186,Müügijuht,,scraped,2026-07-07T01:02:08.329112,
d9cde8b22cc089c6,https://ee.linkedin.com/jobs/view/kehalise-ettevalmistuse-peaspetsialist-at-eesti-t%C3%B6%C3%B6tukassa-4434313720,Kehalise ettevalmistuse peaspetsialist,,scraped,2026-07-07T01:02:14.831306,
1b0d754b88985f5b,https://ee.linkedin.com/jobs/view/engineering-manager-100%25-remote-emea-at-pragmatike-4435815182,Engineering Manager (100% Remote EMEA),,scraped,2026-07-07T01:02:21.584339,
0e7d18e83bc026d2,https://ee.linkedin.com/jobs/view/graduate-ai-software-engineer-at-bending-spoons-4436225850,Graduate AI software engineer,,scraped,2026-07-07T01:03:31.584173,
fdf8fbea2fa8c3d4,https://ee.linkedin.com/jobs/view/finance-data-analyst-at-bolt-4434613483,Finance Data Analyst,,scraped,2026-07-07T01:04:41.830314,
d1bd13e3849958ed,https://ee.linkedin.com/jobs/view/onsite-it-support-engineer-freelance-at-teceze-4436066775,Onsite IT Support Engineer ( Freelance ),TECEZE,posted,2026-07-07T01:06:00.815373,50
74ac16efcc956a86,https://ee.linkedin.com/jobs/view/methodology-and-process-owner-seb-tallinn-at-seb-eesti-4435520369,"Methodology and Process Owner | SEB, Tallinn",,scraped,2026-07-07T01:06:03.390843,
27d366f3feff1d63,https://ee.linkedin.com/jobs/view/veeva-vault-consultant-%E2%80%93-rim-qms-f-m-x-at-sii-poland-4432781929,Veeva Vault Consultant – RIM/QMS (f/m/x),,scraped,2026-07-07T01:06:10.397118,
4634e5833b4977d3,https://ee.linkedin.com/jobs/view/senior-onboarding-client-services-specialist-at-remote-4433364176,Senior Onboarding Client Services Specialist,,scraped,2026-07-07T01:06:17.316465,
dbe1c17ad61ba931,https://ee.linkedin.com/jobs/view/software-engineer-for-cms-in-private-delivery-channels-at-swedbank-estonia-4431939691,Software Engineer for CMS in Private Delivery Channels,,scraped,2026-07-07T01:06:30.668614,
dbfe35d3828f1780,https://ee.linkedin.com/jobs/view/devops-systems-engineer-kn-website-solutions-at-kuehne%2Bnagel-4416918252,DevOps Systems Engineer - KN Website Solutions,,scraped,2026-07-07T01:07:41.725730,
3f9d804844422918,https://ee.linkedin.com/jobs/view/field-support-specialist-freelance-dispatch-at-teceze-4435786089,Field Support Specialist  ( Freelance / Dispatch),,scraped,2026-07-07T01:09:57.272297,
e8f0cb042ee11054,https://ee.linkedin.com/jobs/view/senior-specialist-systems-engineer-expat-estonia-at-l3harris-technologies-4408004517,"Senior Specialist, Systems Engineer - EXPAT - Estonia",,scraped,2026-07-07T01:10:06.496733,
f50995cef560f26f,https://ee.linkedin.com/jobs/view/svp-of-sales-emea-m-f-x-at-skeleton-technologies-4436751137,SVP of Sales - EMEA (m/f/x),,scraped,2026-07-07T01:10:13.267808,
787dd9de11cbcfa4,https://ee.linkedin.com/jobs/view/distributed-systems-engineer-apache-big-data-internals-remote-work-ref%23294465-at-bairesdev-4426557452,Distributed Systems Engineer (Apache Big Data Internals) - Remote Work | REF#294465,,scraped,2026-07-07T01:10:19.847066,
a1a212204b9f99f6,https://ee.linkedin.com/jobs/view/corporate-lawyer-at-bondora-4435581020,Corporate Lawyer,,scraped,2026-07-07T01:10:27.308635,
19a3a838ed5280a3,https://ee.linkedin.com/jobs/view/distributed-systems-engineer-apache-spark-internals-remote-work-ref%23294281-at-bairesdev-4426550525,Distributed Systems Engineer (Apache Spark Internals) - Remote Work | REF#294281,,scraped,2026-07-07T01:10:34.199753,
d5f657b257e56a47,https://ee.linkedin.com/jobs/view/senior-ai-product-builder-talent-pool-at-wrike-4434967365,Senior AI Product Builder - Talent Pool,,scraped,2026-07-07T01:10:41.518880,
d77068c449ebdc92,https://ee.linkedin.com/jobs/view/senior-business-analyst-cash-management-department-at-luminor-group-4436771138,Senior Business Analyst (Cash Management Department),Luminor Group,posted,2026-07-07T01:12:05.048703,52
d796e34d2b3a77c2,https://ee.linkedin.com/jobs/view/automation-platform-engineer-at-genius-sports-4435473515,Automation Platform Engineer,,scraped,2026-07-07T01:12:07.709618,
828caddddf2815ad,https://ee.linkedin.com/jobs/view/net-full-stack-engineer-at-bob-w-4404393160,.NET Full Stack Engineer,,scraped,2026-07-07T01:12:14.399706,
6e6f9553f29d7dbe,https://ee.linkedin.com/jobs/view/embedded-systems-engineer-at-strativ-group-4436301097,Embedded Systems Engineer,,scraped,2026-07-07T01:12:21.893215,
3480fcbdbd11ea0b,https://ee.linkedin.com/jobs/view/software-engineer-at-intro-4433925866,Software Engineer,,scraped,2026-07-07T01:12:29.606086,
14db70cdd7ca8670,https://ee.linkedin.com/jobs/view/sports-data-collector-football-paide-estonia-at-genius-sports-4423151728,"Sports Data Collector (Football) - Paide, Estonia",,scraped,2026-07-07T01:12:37.604149,
7f146a6f45370006,https://ee.linkedin.com/jobs/view/projektijuht-at-eesti-t%C3%B6%C3%B6tukassa-4434333007,Projektijuht,,scraped,2026-07-07T01:13:47.250298,
f9b5f28480e0bf98,https://ee.linkedin.com/jobs/view/hev-%C3%B5pilaste-%C3%B5ppe-koordinaator-at-eesti-t%C3%B6%C3%B6tukassa-4434331000,HEV õpilaste õppe koordinaator,,scraped,2026-07-07T01:13:53.978803,
146107dc0446f7ff,https://ee.linkedin.com/jobs/view/keemia%C3%B5petaja-at-eesti-t%C3%B6%C3%B6tukassa-4434329181,Keemiaõpetaja,,scraped,2026-07-07T01:14:00.683288,
968409884b8dcb2a,https://ee.linkedin.com/jobs/view/elektrimontaa%C5%BEilukksepp-at-eesti-t%C3%B6%C3%B6tukassa-4434321495,Elektrimontaažilukksepp,,scraped,2026-07-07T01:15:10.728072,
cfb6c0ee803ad2ec,https://ee.linkedin.com/jobs/view/muusika%C3%B5petaja-at-eesti-t%C3%B6%C3%B6tukassa-4435016630,Muusikaõpetaja,,scraped,2026-07-07T01:15:17.191411,
44e4ff57f0fa609d,https://ee.linkedin.com/jobs/view/mass%C3%B6%C3%B6r-at-eesti-t%C3%B6%C3%B6tukassa-4434310788,Massöör,,scraped,2026-07-07T01:15:23.782904,
b3665e1ec0d4a0fd,https://ee.linkedin.com/jobs/view/matemaatika%C3%B5petaja-at-eesti-t%C3%B6%C3%B6tukassa-4435016631,Matemaatikaõpetaja,,scraped,2026-07-07T01:17:39.824795,
371b9d7d76163028,https://ee.linkedin.com/jobs/view/g%C3%BCmnaasiumi-matemaatika%C3%B5petaja-at-eesti-t%C3%B6%C3%B6tukassa-4434313725,Gümnaasiumi matemaatikaõpetaja,,scraped,2026-07-07T01:17:46.627945,
3f8359ede41012e7,https://ee.linkedin.com/jobs/view/tervise-ja-sotsiaalosakonna-spetsialist-at-eesti-t%C3%B6%C3%B6tukassa-4434307970,tervise- ja sotsiaalosakonna spetsialist,,scraped,2026-07-07T01:17:53.594545,
d2e4a5f8ffb676fb,https://ee.linkedin.com/jobs/view/rahvusvahelise-koost%C3%B6%C3%B6-juhtivspetsialist-at-eesti-t%C3%B6%C3%B6tukassa-4436018645,Rahvusvahelise koostöö juhtivspetsialist.,,scraped,2026-07-07T01:19:03.701848,
30ded9940fd69cda,https://ee.linkedin.com/jobs/view/internal-auditor-at-eesti-energia-4433184964,Internal Auditor,,scraped,2026-07-07T01:20:14.047303,
0de5a368a6500613,https://ee.linkedin.com/jobs/view/reporting-engineer-at-playtech-4436729413,Reporting Engineer,,scraped,2026-07-07T01:20:20.668598,
5aedf6001ed85181,https://ee.linkedin.com/jobs/view/head-of-payment-operations-global-platforms-at-wise-4398149314,Head of Payment Operations Global Platforms,,scraped,2026-07-07T01:20:27.049484,
3577c887f02076b3,https://ee.linkedin.com/jobs/view/senior-amazon-connect-developer-at-miratech-4432372442,Senior Amazon Connect Developer,Miratech,posted,2026-07-07T01:21:20.781187,54
2ca68c16fe4eb75d,https://ee.linkedin.com/jobs/view/security-engineer-at-sisu-group-4410198761,Security Engineer,SISU GROUP,posted,2026-07-07T01:21:32.962999,56
1ca630d370827c27,https://ee.linkedin.com/jobs/view/senior-staff-engineer-computing-architecture-at-axelera-ai-4436413350,Senior/Staff Engineer - Computing Architecture,,scraped,2026-07-07T01:21:35.554894,
46e73d1c96b10d44,https://ee.linkedin.com/jobs/view/quality-assurance-senior-specialist-at-wise-4436217478,Quality Assurance Senior Specialist,,scraped,2026-07-07T01:22:46.630667,
d73bfdae751aa405,https://ee.linkedin.com/jobs/view/growth-partnerships-manager-at-if-insurance-baltic-4431918437,Growth Partnerships Manager,,scraped,2026-07-07T01:23:58.116382,
d10b56345205022b,https://ee.linkedin.com/jobs/view/vp-engineering-at-rush-street-interactive-4368351870,"VP, Engineering",,scraped,2026-07-07T01:24:05.008529,
76c40321217b4a1a,https://ee.linkedin.com/jobs/view/senior-product-manager-hris-integrations-at-jobgether-4435042414,"Senior Product Manager, HRIS Integrations",,scraped,2026-07-07T01:24:12.110202,
cfa11c61922827a8,https://ee.linkedin.com/jobs/view/administraator-turvat%C3%B6%C3%B6taja-at-eesti-t%C3%B6%C3%B6tukassa-4434325350,Administraator-turvatöötaja,,scraped,2026-07-07T01:24:18.684962,
7ab62d31ef71900c,https://ee.linkedin.com/jobs/view/lao-abioperaator-at-eesti-t%C3%B6%C3%B6tukassa-4434311778,Lao abioperaator,,scraped,2026-07-07T01:26:34.750798,
3de12c1add418b56,https://ee.linkedin.com/jobs/view/lease-up-marketing-manager-real-estate-at-jobgether-4436085349,Lease-Up Marketing Manager (Real Estate),,scraped,2026-07-07T01:27:44.938710,
83799c2ceef83b70,https://ee.linkedin.com/jobs/view/advanced-quality-engineer-at-stoneridge-4435370818,Advanced Quality Engineer,Stoneridge,posted,2026-07-07T01:28:17.291479,58
0fe65645cfec7aca,https://ee.linkedin.com/jobs/view/product-cybersecurity-engineer-at-stoneridge-4399287433,Product Cybersecurity Engineer,Stoneridge,posted,2026-07-07T01:28:42.412924,60
b687bcd981ea4db6,https://ee.linkedin.com/jobs/view/data-analyst-in-baltic-banking-anti-financial-crime-at-swedbank-estonia-4433704110,Data Analyst in Baltic Banking Anti-Financial Crime,,scraped,2026-07-07T01:28:45.022197,
0077e58e688630b8,https://ee.linkedin.com/jobs/view/middle-level-software-engineer-to-credit-decisions-cft-at-swedbank-estonia-4433959293,Middle level Software Engineer to Credit Decisions CFT,,scraped,2026-07-07T01:28:52.603794,
4d547b5cde9b74b0,https://ee.linkedin.com/jobs/view/stream-processing-engineer-apache-flink-internals-remote-work-ref%23294327-at-bairesdev-4426548486,Stream Processing Engineer (Apache Flink Internals) - Remote Work | REF#294327,,scraped,2026-07-07T01:28:59.988206,
3992de55bc5a6178,https://ee.linkedin.com/jobs/view/global-talent-acquisition-partner-at-playtech-4425775886,Global Talent Acquisition Partner,,scraped,2026-07-07T01:30:22.006861,
2f3feb8ce7c1fcbe,https://ee.linkedin.com/jobs/view/global-talent-acquisition-partner-at-playtech-4422253859,Global Talent Acquisition Partner,,scraped,2026-07-07T01:30:28.583257,
0d7890838f7db1c2,https://ee.linkedin.com/jobs/view/golang-engineer-at-jobgether-4435778290,Golang Engineer,,scraped,2026-07-07T01:30:35.030400,
2be230683e544cfc,https://ee.linkedin.com/jobs/view/java-angular-full-stack-software-engineer-at-swedbank-estonia-4433164423,Java & Angular Full Stack Software Engineer,,scraped,2026-07-07T01:30:41.469071,
32b03c9c3325bb33,https://ee.linkedin.com/jobs/view/senior-security-engineer-at-wrike-4416156366,Senior Security Engineer,,scraped,2026-07-07T01:30:49.140686,
eeefa326d85a794f,https://ee.linkedin.com/jobs/view/query-engine-engineer-apache-trino-internals-remote-work-ref%23294373-at-bairesdev-4426562430,Query Engine Engineer (Apache Trino Internals) - Remote Work | REF#294373,,scraped,2026-07-07T01:31:02.477177,
09ce7c51f2a44d49,https://ee.linkedin.com/jobs/view/mid-senior-data-engineer-risk-and-finance-reporting-at-luminor-group-4361105318,Mid/Senior Data Engineer (Risk and Finance Reporting),Luminor Group,posted,2026-07-07T01:32:01.036647,62
fce9cf6af5ce272f,https://ee.linkedin.com/jobs/view/m%C3%BC%C3%BCgikonsultant-klienditeenindaja-at-eesti-t%C3%B6%C3%B6tukassa-4434318577,Müügikonsultant-klienditeenindaja,,scraped,2026-07-07T01:32:03.481691,
5bf46fa5fc975436,https://ee.linkedin.com/jobs/view/senior-software-engineer-i-europe-risk-and-controls-at-wise-4368202638,Senior Software Engineer I - Europe Risk and Controls,,scraped,2026-07-07T01:32:10.180000,
ec01d4d2ef3a2a15,https://ee.linkedin.com/jobs/view/lasteaia-muusika%C3%B5petaja-at-eesti-t%C3%B6%C3%B6tukassa-4434320435,Lasteaia muusikaõpetaja,,scraped,2026-07-07T01:32:17.846944,
e6b68c1defd858d5,https://ee.linkedin.com/jobs/view/database-reliability-engineer-assisted-relocation-to-barcelona-at-rover-com-4416506700,Database Reliability Engineer | Assisted relocation to Barcelona,,scraped,2026-07-07T01:32:24.664855,
77cde4106affa4c7,https://ee.linkedin.com/jobs/view/manual-qa-engineer-app-integration-at-action1-4415904209,Manual QA Engineer (App Integration),,scraped,2026-07-07T01:32:43.969265,
176669783fa705f7,https://ee.linkedin.com/jobs/view/senior-clinical-data-manager-sponsor-dedicated-at-fortrea-4408754828,Senior Clinical Data Manager - sponsor dedicated,,scraped,2026-07-07T01:32:51.045952,
c3efb166d6b7decd,https://ee.linkedin.com/jobs/view/marketing-design-ad-specialist-at-jobgether-4435209170,Marketing Design & Ad Specialist,,scraped,2026-07-07T01:33:09.776516,
8bd8e218385d5daf,https://ee.linkedin.com/jobs/view/java-angular-full-stack-software-engineer-at-swedbank-estonia-4433160805,Java & Angular Full Stack Software Engineer,,scraped,2026-07-07T01:33:16.316987,
219d1d7c2a42a3f6,https://ee.linkedin.com/jobs/view/senior-java-developer-at-piletilevi-plg-4433960214,Senior Java Developer,,scraped,2026-07-07T01:33:24.069951,
fe8cabc60fb66676,https://ee.linkedin.com/jobs/view/danish-speaking-customer-support-specialist-travel-industry-at-concentrix-4423679366,Danish-speaking Customer Support specialist (Travel industry),,scraped,2026-07-07T01:33:30.570944,
ac6c352b4db14c51,https://ee.linkedin.com/jobs/view/senior-lawyer-at-bondora-4437184869,Senior Lawyer,,scraped,2026-07-07T01:33:45.847856,
061de465078e278e,https://ee.linkedin.com/jobs/view/senior-climate-adaptation-expert-at-ntu-international-a-s-4434991896,Senior Climate Adaptation Expert,,scraped,2026-07-07T01:33:52.583375,
6656df83ac36e298,https://ee.linkedin.com/jobs/view/reporting-engineer-at-coolbet-4433185028,Reporting Engineer,Coolbet,posted,2026-07-07T01:34:09.798336,64
59e7838506f87e8b,https://ee.linkedin.com/jobs/view/product-manager-commercial-growth-at-bob-w-4435817673,"Product Manager, Commercial Growth",,scraped,2026-07-07T01:34:12.437862,
1a45071d379d3e36,https://ee.linkedin.com/jobs/view/wfm-operations-partner-lead-at-wise-4432351364,WFM Operations Partner Lead,,scraped,2026-07-07T01:34:19.815849,
4456011e207d8452,https://ee.linkedin.com/jobs/view/software-engineer-iii-at-genius-sports-4436239059,Software Engineer III,,scraped,2026-07-07T01:34:27.627760,
4b7cb09c778d424c,https://ee.linkedin.com/jobs/view/deeptech-co-founder-cso-100-%25-remote-m-f-d-at-ewor-4435474768,DeepTech Co-Founder / CSO (100 % remote) (m/f/d),,scraped,2026-07-07T01:34:34.084462,
9e9fa3af3b6a57eb,https://ee.linkedin.com/jobs/view/senior-ii-security-engineer-platform-paid-relocation-to-barcelona-at-preply-4435544676,Senior II Security Engineer - Platform | Paid relocation to Barcelona,,scraped,2026-07-07T01:34:41.003478,
0d5c1ac893dc694f,https://ee.linkedin.com/jobs/view/data-annotator-finnish-%2415-hr-remote-at-crossing-hurdles-4392864385,Data Annotator (Finnish) | $15/hr Remote,,scraped,2026-07-07T01:34:48.149043,
2b044b3f6ea2100f,https://ee.linkedin.com/jobs/view/generalist-finnish-%2415-hr-remote-at-crossing-hurdles-4392866290,Generalist (Finnish) | $15/hr Remote,,scraped,2026-07-07T01:34:55.278257,
f93310562f7bfb97,https://ee.linkedin.com/jobs/view/product-designer-at-trade-nation-4435805334,Product Designer,,scraped,2026-07-07T01:35:09.402169,
e38300a5f24bdb15,https://ee.linkedin.com/jobs/view/senior-technical-designer-medidata-rave-certified-at-fortrea-4409027218,Senior Technical Designer - Medidata RAVE certified,,scraped,2026-07-07T01:35:15.983454,
678790044564cc1e,https://ee.linkedin.com/jobs/view/senior-lawyer-estonia-at-bondora-4437188890,"Senior Lawyer, Estonia",,scraped,2026-07-07T01:35:23.378840,
b0af000ba9f27367,https://ee.linkedin.com/jobs/view/development-officer-community-resilience-fund-at-bristol-city-council-4436723199,Development Officer (Community Resilience Fund),,scraped,2026-07-07T01:35:29.956825,
82beb172e3cdd014,https://ee.linkedin.com/jobs/view/senior-frontend-engineer-kyb-at-veriff-4412827603,Senior Frontend Engineer (KYB),,scraped,2026-07-07T01:35:37.310620,
217f9ef33d23f073,https://ee.linkedin.com/jobs/view/senior-software-engineer-customer-portal-at-veriff-4432718195,"Senior Software Engineer, Customer Portal",,scraped,2026-07-07T01:36:19.438298,
4e7d0974c271abdf,https://ee.linkedin.com/jobs/view/senior-ii-software-engineer-machine-learning-platform-at-wise-4424427306,Senior II Software Engineer - Machine Learning Platform,,scraped,2026-07-07T01:36:26.193299,
e83623d702bef5c7,https://ee.linkedin.com/jobs/view/sales-incentive-manager-emea-region-at-eaton-4414016302,"Sales Incentive Manager, EMEA region",Eaton,posted,2026-07-07T01:37:18.931714,66
a39b58a12f572b73,https://ee.linkedin.com/jobs/view/devops-engineer-at-defsecintel-solutions-4415929692,DevOps Engineer,,scraped,2026-07-07T01:37:21.736539,
c482ff56fe7defc6,https://ee.linkedin.com/jobs/view/software-development-engineer-in-test-pro-at-kraken-4416722075,Software Development Engineer in Test - Pro,,scraped,2026-07-07T01:37:28.458061,
15da91d769547fcb,https://ee.linkedin.com/jobs/view/ai-tehnoloogia-juht-ai-technology-lead-at-telia-4436356207,AI Tehnoloogia juht/ AI Technology Lead,,scraped,2026-07-07T01:37:53.987947,
65a33b6b403362eb,https://ee.linkedin.com/jobs/view/senior-software-engineer-at-glia-4421975180,Senior Software Engineer,,scraped,2026-07-07T01:38:01.173898,
753cc6a2855ee11a,https://ee.linkedin.com/jobs/view/salesforce-expert-at-hcltech-4433927576,Salesforce Expert,,scraped,2026-07-07T01:38:19.513515,
cc15c15743c9c5bf,https://ee.linkedin.com/jobs/view/senior-machine-learning-engineer-relocation-to-cyprus-at-fxpro-4425456799,Senior Machine Learning Engineer (Relocation to Cyprus),FxPro,posted,2026-07-07T01:38:38.373917,68
41aed122ab055ea8,https://ee.linkedin.com/jobs/view/data-platform-engineering-manager-at-kraken-4415669323,Data Platform Engineering Manager,,scraped,2026-07-07T01:38:41.105772,
a35966598875e38b,https://ee.linkedin.com/jobs/view/unit-manager-risk-quantification-automation-at-luminor-group-4424186549,Unit Manager (Risk Quantification & Automation),Luminor Group,posted,2026-07-07T01:39:05.726435,70
4339ab6b222e9870,https://ee.linkedin.com/jobs/view/senior-data-engineer-at-keyrock-4406913909,Senior Data Engineer,Keyrock,posted,2026-07-07T01:39:17.885681,72
ea33d55813114e9f,https://ee.linkedin.com/jobs/view/product-security-specialist-at-proekspert-as-4423350512,Product Security Specialist,,scraped,2026-07-07T01:39:20.659521,
b40188e361af07d3,https://ee.linkedin.com/jobs/view/laenude-assistent-praktika-at-luminor-group-4436712366,Laenude assistent (praktika),Luminor Group,posted,2026-07-07T01:39:41.983771,74
0d268f8736d8ae29,https://ee.linkedin.com/jobs/view/senior-ii-platform-software-engineer-paid-relocation-to-barcelona-at-preply-4435542855,Senior II Platform Software Engineer | Paid relocation to Barcelona,,scraped,2026-07-07T01:39:44.658771,
9d9c75fabd4c060b,https://ee.linkedin.com/jobs/view/pearaamatupidaja-at-cvkeskus-ee-4433949289,PEARAAMATUPIDAJA,,scraped,2026-07-07T01:40:25.645183,
58c96f7ca6ff944e,https://ee.linkedin.com/jobs/view/principal-game-designer-balancing-portfolio-midcore-games-at-voodoo-4400280313,Principal Game Designer (Balancing) - Portfolio Midcore Games,,scraped,2026-07-07T01:40:33.089634,
b08a46913d565b23,https://ee.linkedin.com/jobs/view/senior-front-end-software-engineer-for-baltic-web-ui-team-angular-at-swedbank-estonia-4433907438,Senior Front-End Software Engineer for Baltic Web & UI Team (Angular),,scraped,2026-07-07T01:40:39.376650,
0d55652a600946e0,https://ee.linkedin.com/jobs/view/senior-front-end-software-engineer-for-baltic-web-ui-team-angular-at-swedbank-estonia-4433914185,Senior Front-End Software Engineer for Baltic Web & UI Team (Angular),,scraped,2026-07-07T01:40:46.795242,
19d827e062d51e0a,https://ee.linkedin.com/jobs/view/senior-software-engineer-ios-at-bolt-4435221387,"Senior Software Engineer, iOS",,scraped,2026-07-07T01:40:54.188983,
fddadb6d942a4f61,https://ee.linkedin.com/jobs/view/senior-software-engineer-ios-at-bolt-4435214552,"Senior Software Engineer, iOS",,scraped,2026-07-07T01:41:00.724961,
c5ed62454cb85f90,https://ee.linkedin.com/jobs/view/tootmis%C3%BCksuse-juht-at-cvkeskus-ee-4433931789,TOOTMISÜKSUSE JUHT,,scraped,2026-07-07T01:41:07.098265,
5d17565cf9d838c8,https://ee.linkedin.com/jobs/view/sr-software-engineer-screening-engine-at-wise-4406959582,Sr Software Engineer - Screening Engine,,scraped,2026-07-07T01:41:14.186867,
dfd7666113bef1d1,https://ee.linkedin.com/jobs/view/senior-analyst-supply-analytics-bangkok-based-relocation-provided-at-agoda-4299760839,"Senior Analyst (Supply Analytics, Bangkok-based, Relocation provided)",Agoda,posted,2026-07-07T01:41:32.295899,76
e40cc5cba13fac84,https://ee.linkedin.com/jobs/view/senior-data-platform-engineer-remote-work-ref%23293890-at-bairesdev-4426554413,Senior Data Platform Engineer - Remote Work | REF#293890,,scraped,2026-07-07T01:41:34.931663,
d74279ec2171d9dd,https://ee.linkedin.com/jobs/view/senior-platform-engineer-kubernetes-remote-work-ref%23294041-at-bairesdev-4426569331,Senior Platform Engineer (Kubernetes) - Remote Work | REF#294041,,scraped,2026-07-07T01:42:25.772443,
844c3b77db6c8755,https://ee.linkedin.com/jobs/view/senior-front-end-software-engineer-for-baltic-web-ui-team-angular-at-swedbank-estonia-4433908441,Senior Front-End Software Engineer for Baltic Web & UI Team (Angular),,scraped,2026-07-07T01:42:44.250525,
5e988df899783dc6,https://ee.linkedin.com/jobs/view/head-of-sales-at-evotym-4435294478,Head of Sales,,scraped,2026-07-07T12:19:20.197683,
dafd2da80b4c85a2,https://ee.linkedin.com/jobs/view/%C3%B5petaja-at-eesti-t%C3%B6%C3%B6tukassa-4434326318,Õpetaja,,scraped,2026-07-07T12:19:26.523007,
a57b67afba77f89b,https://ee.linkedin.com/jobs/view/hotelli-toateenija-at-eesti-t%C3%B6%C3%B6tukassa-4434324413,Hotelli toateenija,,scraped,2026-07-07T12:19:33.182976,
050eb3412215dcde,https://ee.linkedin.com/jobs/view/m%C3%BC%C3%BCja-letiteenindaja-at-eesti-t%C3%B6%C3%B6tukassa-4434324377,Müüja-letiteenindaja,,scraped,2026-07-07T12:19:39.559533,
967ab4a9099f542b,https://ee.linkedin.com/jobs/view/liikumis%C3%B5petuse-%C3%B5petaja-at-eesti-t%C3%B6%C3%B6tukassa-4434334000,Liikumisõpetuse õpetaja,,scraped,2026-07-07T12:19:47.980669,
a518631982cc3944,https://ee.linkedin.com/jobs/view/laot%C3%B6%C3%B6line-at-eesti-t%C3%B6%C3%B6tukassa-4434313727,Laotööline,,scraped,2026-07-07T12:19:56.440081,
684d8606155040ee,https://ee.linkedin.com/jobs/view/%C3%B5ppejuht-at-eesti-t%C3%B6%C3%B6tukassa-4434328251,Õppejuht,,scraped,2026-07-07T12:20:03.087116,
bd7fa4b437fd6b4a,https://ee.linkedin.com/jobs/view/junior-customer-kyc-specialist-at-wallester-4434509876,Junior Customer KYC Specialist,,scraped,2026-07-07T12:20:19.880883,
149a13246df5b1aa,https://ee.linkedin.com/jobs/view/customer-support-specialist-at-wise-4435472119,Customer Support Specialist,,scraped,2026-07-07T12:20:33.246239,
164b7670b062905f,https://ee.linkedin.com/jobs/view/employment-navigator-at-bristol-city-council-4435107170,Employment Navigator,,scraped,2026-07-07T12:21:32.963057,
0a1f5f60464bf52d,https://ee.linkedin.com/jobs/view/lasteaia%C3%B5petaja-at-eesti-t%C3%B6%C3%B6tukassa-4434318574,Lasteaiaõpetaja,,scraped,2026-07-07T12:22:00.249715,
674fda89b21b501d,https://ee.linkedin.com/jobs/view/teenindaja-at-eesti-t%C3%B6%C3%B6tukassa-4436028221,Teenindaja,,scraped,2026-07-07T12:22:09.104682,
d459c62156279637,https://ee.linkedin.com/jobs/view/klienditeenindaja-at-eesti-t%C3%B6%C3%B6tukassa-4434313653,Klienditeenindaja,,scraped,2026-07-07T12:22:16.294808,
3dd1ea9823c582b9,https://ee.linkedin.com/jobs/view/mont%C3%B6%C3%B6r-at-eesti-t%C3%B6%C3%B6tukassa-4434320556,Montöör,,scraped,2026-07-07T12:22:22.991927,
fd7d174be53e8c94,https://ee.linkedin.com/jobs/view/logopeed-at-eesti-t%C3%B6%C3%B6tukassa-4435017715,Logopeed,,scraped,2026-07-07T12:22:29.543846,
ef32bd5f71d47902,https://ee.linkedin.com/jobs/view/laevakoostaja-at-eesti-t%C3%B6%C3%B6tukassa-4434316607,Laevakoostaja,,scraped,2026-07-07T12:22:36.057441,
2ebcc267e61684f0,https://ee.linkedin.com/jobs/view/k%C3%B6%C3%B6gi-abit%C3%B6%C3%B6line-n%C3%B5udepesija-at-eesti-t%C3%B6%C3%B6tukassa-4434316530,Köögi abitööline-nõudepesija,,scraped,2026-07-07T12:22:42.859005,
96cf3671fb573233,https://ee.linkedin.com/jobs/view/laevakoostaja-at-eesti-t%C3%B6%C3%B6tukassa-4434325351,Laevakoostaja,,scraped,2026-07-07T12:22:49.546104,
bfe8e8ecf092c0a7,https://ee.linkedin.com/jobs/view/c-kategooria-autojuht-at-eesti-t%C3%B6%C3%B6tukassa-4434326226,C-kategooria autojuht,,scraped,2026-07-07T12:22:56.098198,
6f13ac679098ed3c,https://ee.linkedin.com/jobs/view/hooldaja-abihooldaja-lihula-s%C3%BCdamekodusse-at-eesti-t%C3%B6%C3%B6tukassa-4434315544,Hooldaja/Abihooldaja Lihula Südamekodusse,,scraped,2026-07-07T12:23:04.697632,
1ee63be8aa87270f,https://ee.linkedin.com/jobs/view/performance-creative-specialist-at-point2web-4433940854,Performance Creative Specialist,Point2Web,posted,2026-07-07T12:23:35.882144,78
c4cb9985cc92b760,https://ee.linkedin.com/jobs/view/technical-support-engineer-at-linnworks-4433974015,Technical Support Engineer,,scraped,2026-07-07T12:23:38.632947,
afbad7c0a3e70aed,https://ee.linkedin.com/jobs/view/scientist-antibody-discovery-at-icosagen-4434528359,Scientist (Antibody Discovery),,scraped,2026-07-07T12:23:47.310028,
3d98e6eb094dc7ad,https://ee.linkedin.com/jobs/view/entrepreneur-in-residence-eir-at-the-flex-4436938698,Entrepreneur in Residence (EIR),,scraped,2026-07-07T12:23:58.593419,
610041565d98412f,https://ee.linkedin.com/jobs/view/bioloogia-%C3%B5petaja-at-eesti-t%C3%B6%C3%B6tukassa-4434321492,Bioloogia õpetaja,,scraped,2026-07-07T12:24:09.531254,
db7762b13bd68ec1,https://ee.linkedin.com/jobs/view/ps%C3%BChholoog-at-eesti-t%C3%B6%C3%B6tukassa-4434326241,Psühholoog,,scraped,2026-07-07T12:24:18.533920,
ad2132c3c0a6cc3f,https://ee.linkedin.com/jobs/view/ehituselektrik-at-eesti-t%C3%B6%C3%B6tukassa-4434313646,Ehituselektrik,,scraped,2026-07-07T12:24:25.124579,
5e665fcc432f2457,https://ee.linkedin.com/jobs/view/area-manager-%E2%80%93-finland-heavy-machinery-sales-procurement-at-kb-auto-4431920547,Area Manager – Finland | Heavy Machinery Sales & Procurement,KB Auto,posted,2026-07-07T12:25:09.008696,80
4ae1c6b6a54b7b8c,https://ee.linkedin.com/jobs/view/puhastusteenindaja-at-eesti-t%C3%B6%C3%B6tukassa-4434315633,Puhastusteenindaja,,scraped,2026-07-07T12:25:11.588021,
544b2c8a5483b29c,https://ee.linkedin.com/jobs/view/ugc-creator-manager-at-opal-4436408505,UGC Creator Manager,Opal,posted,2026-07-07T12:25:24.812884,82
be4f643f1bf15e4b,https://ee.linkedin.com/jobs/view/kokk-klienditeenindaja-at-eesti-t%C3%B6%C3%B6tukassa-4434320560,Kokk-klienditeenindaja,,scraped,2026-07-07T12:25:27.370338,
0efecd9cfef818dd,https://ee.linkedin.com/jobs/view/ehituse-projektijuht-at-eesti-t%C3%B6%C3%B6tukassa-4434317560,Ehituse projektijuht,,scraped,2026-07-07T12:25:34.160597,
b3de8194789d45dd,https://ee.linkedin.com/jobs/view/web-analyst-at-nabuminds-4436317275,Web Analyst,,scraped,2026-07-07T12:25:40.758750,
c82ecaa107d7c417,https://ee.linkedin.com/jobs/view/it-service-desk-analyst-at-bristol-city-council-4437778455,IT Service Desk Analyst,,scraped,2026-07-07T12:25:52.828883,
723a4f0e6c0928e3,https://ee.linkedin.com/jobs/view/it-consultant-at-maxxys-ag-4434519075,IT-Consultant,,scraped,2026-07-07T12:26:08.027649,
14350ce47446d36c,https://ee.linkedin.com/jobs/view/commercial-lead-estonia-at-biocodex-4437110891,"Commercial Lead, Estonia",,scraped,2026-07-07T12:26:17.473091,
1d9b893bbfe2c20f,https://ee.linkedin.com/jobs/view/senior-agricultural-statistics-expert-at-ntu-international-a-s-4437754911,Senior Agricultural Statistics Expert,,scraped,2026-07-07T12:26:24.665566,
c3a9d7b49ab0d2f6,https://ee.linkedin.com/jobs/view/sales-specialist-at-strategic-staffing-solutions-4431676007,Sales Specialist,Strategic Staffing Solutions,posted,2026-07-07T12:26:40.493626,84
c9924622b23138cf,https://ee.linkedin.com/jobs/view/audit-semi-senior-at-tc-professional-services-4433121873,Audit Semi-Senior,,scraped,2026-07-07T12:26:43.200662,
c20c19c68b8f090c,https://ee.linkedin.com/jobs/view/partner-kyc-specialist-at-wallester-4433972225,Partner KYC Specialist,,scraped,2026-07-07T12:26:52.724413,
e8245c153dc77052,https://ee.linkedin.com/jobs/view/marketing-manager-estonia-at-omniva-4435538690,Marketing manager Estonia,,scraped,2026-07-07T12:27:00.150166,
9d5c9bd1adb18427,https://ee.linkedin.com/jobs/view/senior-sales-specialist-estonia-at-datakom-4436363692,Senior Sales Specialist Estonia,,scraped,2026-07-07T12:27:07.242165,
ed1680c056815580,https://ee.linkedin.com/jobs/view/insight-analyst-at-nabuminds-4436303738,Insight Analyst,,scraped,2026-07-07T12:27:14.005230,
a82194fcd9a2fd48,https://ee.linkedin.com/jobs/view/head-of-ict-risk-management-seb-tallinn-at-seb-eesti-4435508991,"Head of ICT Risk management | SEB, Tallinn",,scraped,2026-07-07T12:27:22.230424,
10654a87a95a860e,https://ee.linkedin.com/jobs/view/product-owner-ehealth-team-at-nortal-4437754173,Product Owner (eHealth team),,scraped,2026-07-07T12:27:29.525711,
c57b953dd58bbd87,https://ee.linkedin.com/jobs/view/testinsener-katapults%C3%BCsteemid-at-threod-systems-4437133898,Testinsener (katapultsüsteemid),,scraped,2026-07-07T12:27:38.720350,
b3a6d6d7659320ea,https://ee.linkedin.com/jobs/view/it-project-manager-at-ridango-4437152495,IT Project Manager,,scraped,2026-07-07T12:27:45.824128,
2ed53bc7729b2a5a,https://ee.linkedin.com/jobs/view/ios-developer-at-onoff-4436745021,iOS Developer,,scraped,2026-07-07T12:27:52.488644,
33da9050e0187f96,https://ee.linkedin.com/jobs/view/production-engineer-at-stoneridge-4418090218,Production Engineer,Stoneridge,posted,2026-07-07T12:28:08.442414,86
256cda799902e361,https://ee.linkedin.com/jobs/view/head-of-payments-products-at-swedbank-estonia-4433197305,Head of Payments Products,Swedbank Estonia,posted,2026-07-07T12:28:57.402185,88
b588b235cf4cc5a5,https://ee.linkedin.com/jobs/view/kokk-abikokk-at-eesti-t%C3%B6%C3%B6tukassa-4434321493,Kokk/abikokk,,scraped,2026-07-07T12:29:00.059739,
3e54c3746f2437fd,https://ee.linkedin.com/jobs/view/ce-kategooria-autojuht-at-eesti-t%C3%B6%C3%B6tukassa-4434321411,CE-kategooria autojuht,,scraped,2026-07-07T12:29:06.730438,
01fbb0315798ab5b,https://ee.linkedin.com/jobs/view/senior-product-engineer-at-lhv-4435180000,Senior Product Engineer,,scraped,2026-07-07T12:29:13.347888,
3569915019ee76ae,https://ee.linkedin.com/jobs/view/senior-accountant-at-creem-4432363513,Senior Accountant,,scraped,2026-07-07T12:29:20.944985,
9eb62389ef639020,https://ee.linkedin.com/jobs/view/metallkonstruktsioonide-koostaja-at-eesti-t%C3%B6%C3%B6tukassa-4434309979,Metallkonstruktsioonide koostaja,,scraped,2026-07-07T12:29:29.680630,
4b562ab0b515634d,https://ee.linkedin.com/jobs/view/java-developer-at-onoff-4436729879,Java Developer,,scraped,2026-07-07T12:29:36.289683,
b2781574b830989b,https://ee.linkedin.com/jobs/view/blockchain-engineer-%E2%80%94-ecosystem-research-business-exploration-at-jobgether-4435429409,Blockchain Engineer — Ecosystem Research & Business Exploration,,scraped,2026-07-07T12:29:42.880148,
928a743a08497746,https://ee.linkedin.com/jobs/view/data-scientist-at-gauss-neumann-4429026770,Data Scientist,,scraped,2026-07-07T12:29:53.290356,
c66ce53c9b4a28a8,https://ee.linkedin.com/jobs/view/design-engineer-eu-at-ashby-4427215479,"Design Engineer, EU",Ashby,posted,2026-07-07T12:30:07.507044,90
c960d10957418941,https://ee.linkedin.com/jobs/view/data-engineer-at-proekspert-as-4436196645,Data Engineer,,scraped,2026-07-07T12:30:12.193236,
4590479e73cde062,https://ee.linkedin.com/jobs/view/freelance-regional-clinical-trial-coordinator-at-rho-4416689787,Freelance Regional Clinical Trial Coordinator,Rho,posted,2026-07-07T12:30:32.668063,92
a9c8183409e4500a,https://ee.linkedin.com/jobs/view/senior-software-architect-at-milrem-robotics-4432343042,Senior Software Architect,Milrem Robotics,posted,2026-07-07T12:30:42.175787,94
77f4c285b2d985e0,https://ee.linkedin.com/jobs/view/senior-creative-producer-at-welltech-4436733811,Senior Creative Producer,,scraped,2026-07-07T12:30:44.898060,
652a846388f205e1,https://ee.linkedin.com/jobs/view/full-stack-arendaja-c%23-java-go-at-agileworks-%E2%80%93-software-development-company-4433165619,Full-stack arendaja (C#/Java/Go),,scraped,2026-07-07T12:30:51.428525,
f29274a3c7155948,https://ee.linkedin.com/jobs/view/founding-marketer-at-cymph-4431040261,Founding Marketer,,scraped,2026-07-07T12:30:59.093687,
f96afc8c61433b63,https://ee.linkedin.com/jobs/view/senior-information-security-specialist-at-rush-street-interactive-4408511760,Senior Information Security Specialist,Rush Street Interactive,posted,2026-07-07T12:31:12.281215,96
8d20d7b1ef8c0f55,https://ee.linkedin.com/jobs/view/staff-platform-engineer-paid-relocation-to-london-or-barcelona-at-preply-4435541576,Staff Platform Engineer | Paid relocation to London or Barcelona,Preply,posted,2026-07-07T12:31:24.184926,98
fe0fae684326f214,https://ee.linkedin.com/jobs/view/software-engineer-backend-ai-clips-team-at-restream-4399533638,Software Engineer - Backend - AI Clips Team,Restream,posted,2026-07-07T12:31:38.291512,100
7afd196e8039df80,https://ee.linkedin.com/jobs/view/tallinn-cabin-crew-opportunities-dubai-based-relocation-provided-at-emirates-4432746452,"Tallinn Cabin Crew Opportunities (Dubai Based, Relocation Provided)",,scraped,2026-07-07T12:31:40.911049,
951cffe804560792,https://ee.linkedin.com/jobs/view/puhastusteenindaja-at-eesti-t%C3%B6%C3%B6tukassa-4434325332,Puhastusteenindaja,,scraped,2026-07-07T12:32:02.068075,
2584263c5e3ff930,https://ee.linkedin.com/jobs/view/m%C3%BC%C3%BCja-klienditeenindaja-at-eesti-t%C3%B6%C3%B6tukassa-4434320543,Müüja-klienditeenindaja,,scraped,2026-07-07T12:32:08.833064,
35f3705bb6d48a23,https://ee.linkedin.com/jobs/view/puhastusteenindaja-at-eesti-t%C3%B6%C3%B6tukassa-4434319480,Puhastusteenindaja,,scraped,2026-07-07T12:32:15.509603,
99a96012de666182,https://ee.linkedin.com/jobs/view/senior-agri-food-logistics-cold-chain-expert-at-ntu-international-a-s-4436494669,Senior Agri-Food Logistics / Cold Chain Expert,,scraped,2026-07-07T12:32:22.342625,
44886a4f1f72b547,https://ee.linkedin.com/jobs/view/senior-water%E2%80%93agriculture-foresight-expert-at-ntu-international-a-s-4435177170,Senior Water–Agriculture Foresight Expert,,scraped,2026-07-07T12:32:32.638660,
ef42765ced195c4b,https://ee.linkedin.com/jobs/view/kosmeetik-at-eesti-t%C3%B6%C3%B6tukassa-4434323405,Kosmeetik,,scraped,2026-07-07T12:32:39.637829,
035f48205ecdb886,https://ee.linkedin.com/jobs/view/ajaloo-ja-%C3%BChiskonna%C3%B5petuse-%C3%B5petaja-at-eesti-t%C3%B6%C3%B6tukassa-4434324505,Ajaloo- ja ühiskonnaõpetuse õpetaja,,scraped,2026-07-07T12:32:46.124567,
79fbe5fc8fd46459,https://ee.linkedin.com/jobs/view/android-developer-at-onoff-4436724982,Android Developer,,scraped,2026-07-07T12:32:52.894554,
819897502c6a13e0,https://ee.linkedin.com/jobs/view/senior-react-native-developer-at-ruby-labs-4436924258,Senior React Native Developer,Ruby Labs,posted,2026-07-07T12:33:05.644398,102
966a948300f1d647,https://ee.linkedin.com/jobs/view/engineer-i-payments-engineering-operations-at-checkout-com-4400807115,"Engineer I, Payments Engineering Operations",,scraped,2026-07-07T12:33:08.323410,
07846dcb5a4a1a69,https://ee.linkedin.com/jobs/view/controller-at-stora-enso-4435444286,Controller,Stora Enso,posted,2026-07-07T12:33:23.744247,104
52f4fc8a78c14b6e,https://ee.linkedin.com/jobs/view/governmental-affairs-and-market-access-manager-estonia-at-astrazeneca-4424420271,Governmental Affairs and Market Access Manager - Estonia,AstraZeneca,posted,2026-07-07T12:33:41.663747,106
7464ebf7e3ad20f1,https://ee.linkedin.com/jobs/view/senior-data-analyst-at-wise-4425253496,Senior Data Analyst,,scraped,2026-07-07T12:33:44.295606,
fbd89c37c3bdf5f0,https://ee.linkedin.com/jobs/view/utilities-manager-at-carlsberg-group-4435040774,Utilities Manager,,scraped,2026-07-07T12:33:52.146527,
9598ecadaf18572c,https://ee.linkedin.com/jobs/view/ai-driven-software-engineer-at-nortal-4423101698,AI-Driven Software Engineer,,scraped,2026-07-07T12:33:58.570952,
9b77b5de830f33d4,https://ee.linkedin.com/jobs/view/treener-at-eesti-t%C3%B6%C3%B6tukassa-4434321498,Treener,,scraped,2026-07-07T12:34:05.539692,
1ce8e5d72c675a50,https://ee.linkedin.com/jobs/view/senior-game-data-analyst-paper-io-2-at-voodoo-4399440543,Senior Game Data Analyst - Paper.io 2,,scraped,2026-07-07T12:34:12.565944,
17bbcecadf2e5a15,https://ee.linkedin.com/jobs/view/treener-at-eesti-t%C3%B6%C3%B6tukassa-4434319584,Treener,,scraped,2026-07-07T12:34:18.849478,
67a01f66d77540e3,https://ee.linkedin.com/jobs/view/qa-engineer-at-sisu-group-4433724138,QA Engineer,SISU GROUP,posted,2026-07-07T12:34:35.511833,108
30405071be10b6a5,https://ee.linkedin.com/jobs/view/julgestust%C3%B6%C3%B6taja-at-eesti-t%C3%B6%C3%B6tukassa-4434323514,Julgestustöötaja,,scraped,2026-07-07T12:34:38.030262,
81be6cb712698699,https://ee.linkedin.com/jobs/view/regulatory-change-manager-at-luminor-group-4437499897,Regulatory Change Manager,Luminor Group,posted,2026-07-07T12:34:58.316745,110
e1e73a150636e41c,https://ee.linkedin.com/jobs/view/puhastusteenindaja-at-eesti-t%C3%B6%C3%B6tukassa-4434318586,Puhastusteenindaja,,scraped,2026-07-07T12:35:00.850225,
2f9a4396976d4bfd,https://ee.linkedin.com/jobs/view/rimi-keskk%C3%B6%C3%B6gi-kvaliteedijuht-at-rimi-baltic-group-4399544631,Rimi keskköögi kvaliteedijuht,,scraped,2026-07-07T12:35:07.587637,
47ec74e128fac586,https://ee.linkedin.com/jobs/view/senior-product-manager-hris-integrations-at-remote-4435570240,"Senior Product Manager, HRIS Integrations",Remote,posted,2026-07-07T12:35:20.676811,112
d892626bb3d32041,https://ee.linkedin.com/jobs/view/m%C3%BC%C3%BCgiesindaja-p%C3%A4rnu-eesti-at-albert-berner-latvija-4432326935,"Müügiesindaja (Pärnu, Eesti)",Albert Berner Latvija,posted,2026-07-07T12:35:43.744722,114
5585a0404c2d68e4,https://ee.linkedin.com/jobs/view/quality-engineer-ii-at-repligen-corporation-4425547436,Quality Engineer II,Repligen Corporation,posted,2026-07-07T12:35:55.611395,116
3764068a9d05a428,https://ee.linkedin.com/jobs/view/engineering-manager-at-defsecintel-solutions-4436528985,Engineering Manager,,scraped,2026-07-07T12:35:58.281920,
b65c135aa218acc1,https://ee.linkedin.com/jobs/view/team-lead-engineering-at-deel-4432795075,"Team Lead, Engineering",Deel,posted,2026-07-07T12:36:10.091000,118
458b0491173c67d6,https://ee.linkedin.com/jobs/view/team-lead-engineering-at-deel-4432798046,"Team Lead, Engineering",Deel,scraped,2026-07-07T12:36:14.211874,
f37c028814cf3a40,https://ee.linkedin.com/jobs/view/scientific-language-ai-adaptation-contributor-korean-japanese-arabic-at-maxibook-o%C3%BC-4433919923,Scientific Language & AI Adaptation Contributor (Korean / Japanese / Arabic),,scraped,2026-07-07T12:36:16.923108,
e9427fb4b91dd7c8,https://ee.linkedin.com/jobs/view/senior-or-principal-statistical-programmer-oncology-sponsor-dedicated-at-fortrea-4339480999,Senior or Principal Statistical Programmer - ONCOLOGY - Sponsor dedicated,Fortrea,posted,2026-07-07T12:36:33.047031,120
456f60635b184adf,https://ee.linkedin.com/jobs/view/ux-ui-designer-at-the-flex-4436381523,UX/UI Designer,,scraped,2026-07-07T12:36:35.691616,
f4f62e40124b5b7e,https://ee.linkedin.com/jobs/view/senior-lawyer-estonia-at-bondora-4437191760,"Senior Lawyer, Estonia",,scraped,2026-07-07T12:36:46.473036,
32e26f3b36d2c973,https://ee.linkedin.com/jobs/view/staff-software-engineer-financial-infrastructure-at-checkout-com-4400816013,Staff Software Engineer - Financial Infrastructure,,scraped,2026-07-07T12:36:53.351897,
d428f54dd95536ba,https://ee.linkedin.com/jobs/view/international-partnership-officer-at-bristol-city-council-4436711833,International Partnership Officer,,scraped,2026-07-07T12:36:59.899891,
32de3d908c3c63b4,https://ee.linkedin.com/jobs/view/danish-speaking-customer-success-specialist-at-creditstar-group-4437165736,Danish-Speaking Customer Success Specialist.,,scraped,2026-07-07T12:37:07.242057,
444a6aff2203cf69,https://ee.linkedin.com/jobs/view/senior-quality-assurance-engineer-at-ridango-4435569349,Senior Quality Assurance Engineer,,scraped,2026-07-07T12:37:13.841802,
6c7274eb40920b48,https://ee.linkedin.com/jobs/view/ostuspetsialist-at-osa%C3%BChing-evo-design-4433107879,OSTUSPETSIALIST,OSAÜHING EVO DESIGN,posted,2026-07-07T12:37:27.660772,122
0dff4c5855c35116,https://ee.linkedin.com/jobs/view/sick-pets-portfolio-manager-cne-f-m-x-at-mars-4435226672,Sick Pets Portfolio Manager CNE (f/m/x),Mars,posted,2026-07-07T12:37:37.830184,124
f620975f0b24e7cc,https://ee.linkedin.com/jobs/view/senior-ios-engineer-at-ruby-labs-4437447952,Senior IOS Engineer,Ruby Labs,posted,2026-07-07T12:37:47.810985,126
b5e5429fdc3fa490,https://ee.linkedin.com/jobs/view/senior-software-engineer-backend-at-siteminder-4423672587,Senior Software Engineer (Backend),,scraped,2026-07-07T12:37:50.462462,
3df146550c6c52f5,https://ee.linkedin.com/jobs/view/senior-qa-auditor-gcp-audits-at-iqvia-4435063246,Senior QA Auditor - GCP Audits,IQVIA,posted,2026-07-07T12:38:03.465801,128
0a342587ce4e4a57,https://ee.linkedin.com/jobs/view/k%C3%A4sisorteerija-at-stora-enso-4423957303,Käsisorteerija,Stora Enso,posted,2026-07-07T12:38:15.375918,130
64d8e4454ff2b5ba,https://ee.linkedin.com/jobs/view/senior-qa-engineer-at-bolt-4434315537,Senior QA Engineer,,scraped,2026-07-07T12:38:18.053948,
3be0ff0a41417d16,https://ee.linkedin.com/jobs/view/distributed-storage-engineer-apache-ozone-internals-remote-work-ref%23294419-at-bairesdev-4426572156,Distributed Storage Engineer (Apache Ozone Internals) - Remote Work | REF#294419,BairesDev,posted,2026-07-07T12:38:37.600611,132
4a4e8d22e20665c9,https://ee.linkedin.com/jobs/view/mehaanik-at-stora-enso-4426243608,Mehaanik,Stora Enso,posted,2026-07-07T12:38:55.032980,134
bfc8a26c9291a01c,https://ee.linkedin.com/jobs/view/analyst-senior-analyst-pricing-marketing-bangkok-based-relocation-provided-at-agoda-4410533383,"Analyst/ Senior Analyst, Pricing Marketing (Bangkok Based, relocation provided)",Agoda,posted,2026-07-07T12:39:08.019979,136
d4353983dbabcdc9,https://ee.linkedin.com/jobs/view/kinnisvaradirektor-at-united-talents-4431924463,Kinnisvaradirektor,,scraped,2026-07-07T12:39:10.667783,
82efb9f63a0c19be,https://ee.linkedin.com/jobs/view/senior-analyst-app-marketing-bangkok-based-relocation-provided-at-agoda-4410525958,"Senior Analyst, App Marketing (Bangkok Based, Relocation Provided)",Agoda,posted,2026-07-07T12:39:28.372141,138
5a37231b5e998cb6,https://ee.linkedin.com/jobs/view/senior-staff-machine-learning-engineer-bidding-bangkok-based-relocation-provided-at-agoda-4308196273,"Senior/Staff Machine Learning Engineer - Bidding (Bangkok based, relocation provided)",Agoda,posted,2026-07-07T12:39:41.154743,140
47789b44fc2f039b,https://ee.linkedin.com/jobs/view/senior-ios-engineer-at-veriff-4433109109,Senior iOS Engineer,Veriff,posted,2026-07-07T12:39:46.008505,126
05f6849aafccf617,https://ee.linkedin.com/jobs/view/manager-indirect-tax-advisor-bangkok-based-relocation-support-provided-at-agoda-4391554601,"Manager, Indirect Tax Advisor (Bangkok-Based, Relocation support provided)",Agoda,posted,2026-07-07T12:39:58.372457,142
0d9cec40f13a0d4e,https://ee.linkedin.com/jobs/view/operatiiv-klienditeenindaja-circle-k-l%C3%A4%C3%A4ne-virumaa-teenindusjaamadesse-at-circle-k-4434315104,Operatiiv-klienditeenindaja Circle K LÄÄNE-VIRUMAA teenindusjaamadesse,,scraped,2026-07-07T12:40:00.931218,
0274517d8f74341a,https://ee.linkedin.com/jobs/view/customer-support-representative-dutch-speaker-at-eaton-4425308150,Customer Support Representative - Dutch Speaker,Eaton,posted,2026-07-07T12:40:51.802004,144
ffcbc4b3010d3c61,https://ee.linkedin.com/jobs/view/marketing-assistant-iberia-spain-at-orien-trade-group-4435546129,Marketing Assistant (Iberia/Spain),,scraped,2026-07-07T20:33:31.986887,
0f16c5a45071dc36,https://ee.linkedin.com/jobs/view/creative-designer-at-ruby-labs-4436745130,Creative Designer,Ruby Labs,posted,2026-07-07T20:33:46.819268,146
9f4e95574dc76607,https://ee.linkedin.com/jobs/view/head-of-sales-operations-at-skeleton-technologies-4436751614,Head of Sales Operations,,scraped,2026-07-07T20:33:49.447614,
62a2e68a38e3a847,https://ee.linkedin.com/jobs/view/senior-graphic-designer-at-bristol-city-council-4436320584,Senior Graphic Designer,,scraped,2026-07-07T20:33:55.875928,
1ebb0e9114e80b0e,https://ee.linkedin.com/jobs/view/chief-customer-operations-officer-at-bondora-4435301941,Chief Customer Operations Officer,,scraped,2026-07-07T20:34:07.413498,
ca5d7c51932646ea,https://ee.linkedin.com/jobs/view/flight-operations-engineer-at-marabu-airlines-4437153552,Flight Operations Engineer,Marabu Airlines,posted,2026-07-07T20:34:20.232075,148
76dc5bcc468a17a6,https://ee.linkedin.com/jobs/view/teenindaja-at-eesti-t%C3%B6%C3%B6tukassa-4436006982,Teenindaja,,scraped,2026-07-07T20:34:22.620778,
7c6c21f0d2ecff64,https://ee.linkedin.com/jobs/view/junior-accountant-at-fyst-4435804728,Junior Accountant,,scraped,2026-07-07T20:34:29.454751,
8ff5f80c79d9f292,https://ee.linkedin.com/jobs/view/charge-de-clientele-couverture-%E2%80%93-etancheite-h-f-at-attila-nancy-sud-4436337953,CHARGE DE CLIENTELE COUVERTURE – ETANCHEITE H/F,ATTILA Nancy sud,posted,2026-07-07T20:34:51.669405,150
ab1dd913e51eafda,https://ee.linkedin.com/jobs/view/accountant-at-orien-trade-group-4434548659,Accountant,,scraped,2026-07-07T20:34:56.249086,
eec0fcf1c85bad4b,https://ee.linkedin.com/jobs/view/talent-acquisition-specialist-at-fyst-4435806473,Talent Acquisition Specialist,,scraped,2026-07-07T20:35:03.827271,
86d6ce657c662a72,https://ee.linkedin.com/jobs/view/programmijuht-at-startup-day-4433165791,Programmijuht,,scraped,2026-07-07T20:35:10.602602,
a7f8c79003ba7b5e,https://ee.linkedin.com/jobs/view/sales-executive-at-eesti-maavara-4433915469,Sales Executive,,scraped,2026-07-07T20:35:20.244068,
9e86c1112c450d0e,https://ee.linkedin.com/jobs/view/sales-development-representative-at-btse-4398371989,Sales Development Representative,,scraped,2026-07-07T20:35:28.206901,
98d60e605f808639,https://ee.linkedin.com/jobs/view/workforce-management-wfm-specialist-%E2%80%93-remote-operations-at-servora-international-4434544095,Workforce Management (WFM) Specialist – Remote Operations,,scraped,2026-07-07T20:35:44.619612,
bb74a1124b76e232,https://ee.linkedin.com/jobs/view/credit-and-collections-specialist-at-orien-trade-group-4434537391,Credit and Collections Specialist,,scraped,2026-07-07T20:36:02.960445,
22d303935c6c409a,https://ee.linkedin.com/jobs/view/sales-development-representative-eu-b2b-at-tripleten-indonesia-4433708958,Sales Development Representative EU (B2B),TripleTen Indonesia,posted,2026-07-07T20:36:18.179402,152
27a9e546965bf9a3,https://ee.linkedin.com/jobs/view/sales-development-representative-eu-b2b-at-tripleten-4436768669,Sales Development Representative EU (B2B),TripleTen,posted,2026-07-07T20:36:24.722152,152
8f01afff6b1d1468,https://ee.linkedin.com/jobs/view/partner-success-manager-at-betsson-group-4416670261,Partner Success Manager,,scraped,2026-07-07T20:36:31.374936,
d42a7a08c974f5cd,https://ee.linkedin.com/jobs/view/accounts-payable-business-partner-sweden-at-hitachi-energy-4427906197,Accounts Payable Business Partner - Sweden,,scraped,2026-07-07T20:36:40.449422,
63b21b3adf2014eb,https://ee.linkedin.com/jobs/view/accounts-payable-business-partner-sweden-at-hitachi-energy-4427908190,Accounts Payable Business Partner - Sweden,,scraped,2026-07-07T20:36:46.792958,
3b0a91fe917e42cc,https://ee.linkedin.com/jobs/view/compliance-operations-specialist-at-twilio-4437714087,Compliance Operations Specialist,Twilio,posted,2026-07-07T20:37:03.398642,154
4bb012fbf2325974,https://ee.linkedin.com/jobs/view/performance-marketing-lead-native-ads-at-capslock-4434638328,Performance Marketing Lead (Native Ads),,scraped,2026-07-07T20:37:08.140234,
8f2e52a331396775,https://ee.linkedin.com/jobs/view/devops-engineer-at-point-wild-4422977223,DevOps Engineer,Point Wild,posted,2026-07-07T20:37:23.342432,156
102523af9d3954a4,https://ee.linkedin.com/jobs/view/data-warehouse-developer-at-hcltech-4433964895,Data Warehouse Developer,,scraped,2026-07-07T20:37:25.945306,
96c7f936c2f75851,https://ee.linkedin.com/jobs/view/service-engineer-sorting-systems-automation-equipment-tallinn-estonia-at-uis-4434564084,"Service Engineer (Sorting Systems & Automation Equipment) Tallinn, Estonia",,scraped,2026-07-07T20:37:32.892109,
33d76ab446130847,https://ee.linkedin.com/jobs/view/qa-engineer-at-abb-4436703785,QA Engineer,,scraped,2026-07-07T20:37:41.935421,
8de7d452a019d810,https://ee.linkedin.com/jobs/view/raadiov%C3%B5rgu-opereerimise-insener-at-tele2-eesti-4436310671,Raadiovõrgu opereerimise insener,,scraped,2026-07-07T20:37:52.659202,
33e36df78a3d5508,https://ee.linkedin.com/jobs/view/ecommerce-project-manager-at-ecom-landers-4437823312,Ecommerce Project Manager,,scraped,2026-07-07T20:38:02.269470,
36a8a3b871dd877d,https://ee.linkedin.com/jobs/view/technical-support-engineer-at-defsecintel-solutions-4435072096,Technical Support Engineer,,scraped,2026-07-07T20:38:08.907066,
be63a6e5bb5c16a1,https://ee.linkedin.com/jobs/view/staff-product-manager-machine-learning-at-overstory-4437493156,"Staff Product Manager, Machine Learning",Overstory,posted,2026-07-07T20:38:26.843713,158
e3bf17834d4210af,https://ee.linkedin.com/jobs/view/sales-manager-at-super-micro-computer-spain-s-l-4434509024,Sales Manager,"Super Micro Computer Spain, S.L.",posted,2026-07-07T20:38:44.553573,160
bf2591d72e880cf5,https://ee.linkedin.com/jobs/view/hr-administraator-ajutine-6-kuud-at-cybernetica-4432324770,"HR administraator (ajutine, 6 kuud)",Cybernetica,posted,2026-07-07T20:39:07.068489,162
84ad3012c795d66f,https://ee.linkedin.com/jobs/view/head-of-sales-at-the-studio-4435448699,Head of Sales,THE/STUDIO,posted,2026-07-07T20:39:18.301946,164
84dc584b76c15cbb,https://ee.linkedin.com/jobs/view/marketing-and-client-relation-officer-at-gitcco-4434583075,Marketing and Client Relation Officer,,scraped,2026-07-07T20:39:20.922083,
9e0eb78cd0562ab3,https://ee.linkedin.com/jobs/view/growth-marketer-at-the-flex-4436764959,Growth Marketer,,scraped,2026-07-07T20:39:29.967358,
0945a96371f8fd33,https://ee.linkedin.com/jobs/view/infra-platform-engineer-at-bisly-4434541700,Infra Platform Engineer,,scraped,2026-07-07T20:39:37.096593,
f0682d71d0a82c44,https://ee.linkedin.com/jobs/view/mobile-application-developer-at-bigbank-4437820857,Mobile Application Developer,,scraped,2026-07-07T20:39:53.862429,
80db4be064cf6c31,https://ee.linkedin.com/jobs/view/keevitaja-at-eesti-t%C3%B6%C3%B6tukassa-4435462183,Keevitaja,,scraped,2026-07-07T20:40:02.593193,
5959c42f6f129b45,https://ee.linkedin.com/jobs/view/h%C3%B6%C3%B6vlioperaator-at-stora-enso-4425806656,Höövlioperaator,Stora Enso,posted,2026-07-07T20:40:22.788388,166
8e4fad81095e4de9,https://ee.linkedin.com/jobs/view/autonomous-vehicle-operations-lead-at-tsmg-holding-4437848171,Autonomous Vehicle Operations Lead,,scraped,2026-07-07T20:40:27.697388,
40ded6cc634cfe39,https://ee.linkedin.com/jobs/view/koolips%C3%BChholoog-at-eesti-t%C3%B6%C3%B6tukassa-4435018642,Koolipsühholoog,,scraped,2026-07-07T20:40:38.544655,
9960b08be78342b1,https://ee.linkedin.com/jobs/view/vanemarendaja-ai-tehnoloogiad-at-telia-4436704209,Vanemarendaja (AI tehnoloogiad),,scraped,2026-07-07T20:40:47.352344,
a034b1cec88cdeff,https://ee.linkedin.com/jobs/view/technical-author-multiple-roles-and-seniority-levels-at-jobgether-4435774461,Technical Author (multiple roles and seniority levels),,scraped,2026-07-07T20:40:54.264129,
a83a4d823e002955,https://ee.linkedin.com/jobs/view/customer-experience-manager-at-jobgether-4436073595,Customer Experience Manager,,scraped,2026-07-07T20:41:00.763203,
d2c764d9d7dce20d,https://ee.linkedin.com/jobs/view/otc-sales-development-representative-at-btse-4369452337,OTC Sales Development Representative,,scraped,2026-07-07T20:41:07.133033,
ac5d00a2061267ad,https://ee.linkedin.com/jobs/view/qa-engineer-at-finnplay-4436730544,QA Engineer,,scraped,2026-07-07T20:41:13.653844,
66c47a71336e08c5,https://ee.linkedin.com/jobs/view/database-administrator-at-playtech-4437781400,Database Administrator,,scraped,2026-07-07T20:41:20.169546,
b0569cdf8ff5851b,https://ee.linkedin.com/jobs/view/field-support-specialist-freelance-dispatch-at-teceze-4436533572,Field Support Specialist ( Freelance / Dispatch),TECEZE,posted,2026-07-07T20:41:37.104949,168
c6311712bd89fe93,https://ee.linkedin.com/jobs/view/senior-icaap-specialist-at-lhv-4437166201,Senior ICAAP Specialist,,scraped,2026-07-07T20:41:39.878779,
d38732c148ce08b1,https://ee.linkedin.com/jobs/view/process-development-lead-helsinki-tallinn-at-elisa-4436586374,"Process Development Lead (Helsinki, Tallinn)",,scraped,2026-07-07T20:41:52.058070,
3edb0818ab5e72ba,https://ee.linkedin.com/jobs/view/payments-operations-fraud-analyst-evening-shift-at-sisu-group-4425309131,Payments Operations & Fraud Analyst (Evening Shift),SISU GROUP,posted,2026-07-07T20:42:14.032742,170
d9682d1f5cb5f0f3,https://ee.linkedin.com/jobs/view/link-building-manager-at-white-light-digital-marketing-4435333138,Link Building Manager,White Light Digital Marketing,posted,2026-07-07T20:42:27.125121,172
4970b086f77520d6,https://ee.linkedin.com/jobs/view/product-line-purchasing-manager-at-stoneridge-4437866936,Product Line Purchasing Manager,Stoneridge,posted,2026-07-07T20:42:43.037637,174
c29ce28799aa1189,https://ee.linkedin.com/jobs/view/team-lead-engineering-at-deel-4432775978,"Team Lead, Engineering",Deel,posted,2026-07-07T20:42:56.463207,118
ba81d58a40c41256,https://ee.linkedin.com/jobs/view/containerization-virtualisation-engineer-at-jobgether-4435416979,Containerization & Virtualisation Engineer,,scraped,2026-07-07T20:42:59.246773,
c06033731bc85d47,https://ee.linkedin.com/jobs/view/cnc-t%C3%B6%C3%B6tluskeskuse-seadistaja-at-radius-group-4434527976,CNC töötluskeskuse seadistaja,,scraped,2026-07-07T20:43:07.837435,
696d95877d9f1b22,https://ee.linkedin.com/jobs/view/team-lead-engineering-at-deel-4432789265,"Team Lead, Engineering",Deel,scraped,2026-07-07T20:43:17.017553,
6019ffba223b87da,https://ee.linkedin.com/jobs/view/senior-quality-engineer-java-remote-work-ref%23293844-at-bairesdev-4426567332,Senior Quality Engineer (Java) - Remote Work | REF#293844,BairesDev,posted,2026-07-07T20:43:36.768960,176
c28482be5f40c703,https://ee.linkedin.com/jobs/view/team-lead-engineering-at-deel-4432775976,"Team Lead, Engineering",Deel,scraped,2026-07-07T20:43:43.009260,
d74f8aa8c2d7c84a,https://ee.linkedin.com/jobs/view/team-lead-engineering-at-deel-4432796073,"Team Lead, Engineering",Deel,scraped,2026-07-07T20:43:47.135584,
0285b74585592018,https://ee.linkedin.com/jobs/view/senior-software-engineer-team-lead-at-glia-4434565626,Senior Software Engineer (Team Lead),Glia,posted,2026-07-07T20:44:07.074181,178
5f51e60f80b92c00,https://ee.linkedin.com/jobs/view/it-infrastructure-it-management-expert-auditor-at-artucapital-advisory-4433110771,IT Infrastructure & IT Management Expert / Auditor,,scraped,2026-07-07T20:44:15.918521,
5da5ef654b30dbf2,https://ee.linkedin.com/jobs/view/cloud-network-engineer-at-paymentology-4437801412,Cloud Network Engineer,,scraped,2026-07-07T20:44:29.861481,
8159bbbf531e7237,https://ee.linkedin.com/jobs/view/senior-fullstack-engineer-remote-at-pragmatike-4436795243,Senior Fullstack Engineer (Remote),,scraped,2026-07-07T20:44:38.972104,
754940367d5095b2,https://ee.linkedin.com/jobs/view/estonian-quality-assurance-lead-qal-at-sme-careers-4428812074,Estonian Quality Assurance Lead (QAL),SME Careers,posted,2026-07-07T20:44:54.341707,180
cdf46211e7502b5b,https://ee.linkedin.com/jobs/view/senior-net-software-engineer-at-proekspert-as-4437811416,Senior (.NET) Software Engineer,,scraped,2026-07-07T20:45:03.103846,
4da6bc2029d876ce,https://ee.linkedin.com/jobs/view/principal-software-engineer-node-js-ref%23290193-at-bairesdev-4420469172,Principal Software Engineer (Node.js) | REF#290193,BairesDev,posted,2026-07-07T20:45:32.909589,182
a39a0fccf7a00c40,https://ee.linkedin.com/jobs/view/senior-next-js-developer-at-jobgether-4435047396,Senior Next.js Developer,,scraped,2026-07-07T20:45:39.539744,
f64ca76ee7d4d26c,https://ee.linkedin.com/jobs/view/senior-front-end-software-engineer-for-baltic-web-ui-team-angular-at-swedbank-estonia-4433921123,Senior Front-End Software Engineer for Baltic Web & UI Team (Angular),,scraped,2026-07-07T20:45:49.531571,
cdc5a601fbfc5be3,https://ee.linkedin.com/jobs/view/customer-support-representative-dutch-speaker-at-eaton-4423141479,Customer Support Representative - Dutch Speaker,Eaton,posted,2026-07-07T20:46:46.886535,144
8d8edd7cb1035e6a,https://ee.linkedin.com/jobs/view/m%C3%BC%C3%BCja-klienditeenindaja-circle-k-tartu-kvissentali-teenindusjaama-at-circle-k-4436593442,Müüja-klienditeenindaja Circle K Tartu KVISSENTALI teenindusjaama,,scraped,2026-07-07T20:46:49.497349,
7ba1140dc1b05ba1,https://ee.linkedin.com/jobs/view/customer-service-specialists-with-estonian-language-at-concentrix-4385475249,Customer Service Specialists with Estonian language,Concentrix,posted,2026-07-07T20:47:08.423528,184
